parameter_set_id,manifest_version,origin,parent_parameter_set_id,source_candidate_id,sampling_index,raw_candidate_index,sampling_seed,C_d,eta_s,C_s_J_K,irrigation_flow_L_h,ET_scale,classification,config_hash,config_file,config_file_sha256,seasonal_preflight_file,seasonal_preflight_file_sha256,seasonal_preflight_status,reference_june_status,humid_stress_status,hot_solar_status,dry_vpd_status,transition_status,full_horizon_status,known_joint_constraint_pass,eligibility_basis,eligibility_status
pa1_full_000_baseline,2.0,V1_RETAINED_FULL_PASS,pa1_full_000_baseline,parameter_set_000_baseline,0,0,20260816,0.65,0.2,90000.0,10.0,1.0,APPROVED_FULL_RUN,213c903b8d5cefe85add4502e2151b92f9b56a847db98b4bc0bbbe9514d46eb2,outputs\final_parameter_preflight\configs\pa1_full_000_baseline.yaml,bbcaa4cb86bcad861e4f0a0095464976f889f6623060a456f5de13a814e4c51f,outputs\seasonal_stress_preflight\validation\pa1_full_000_baseline.json,fdb7d5e3f227070d12989abab86e49e47508f69ac0f84ac819de60b19c2f0bff,SEASONAL_PREFLIGHT_PASS,PASS,PASS,PASS,PASS,PASS,FULL_HORIZON_PASS,True,FULL_HORIZON_PASS,ELIGIBLE_FULL_RUN
pa1_full_001,2.0,V1_RETAINED_FULL_PASS,pa1_full_001,lhs_candidate_000001,1,1,20260816,0.25987923633928883,0.1484503779096941,76030.90520032778,8.646656175596249,1.0211366757228089,EXTREME_VALID_APPROVED,e4bb342af32df0450bb21c00013525b9062687e3a62dcfa84a92509df42d07ea,outputs\final_parameter_preflight\configs\pa1_full_001.yaml,f91535d8191d7ae37e001af3d2c3021331108e90a17eacfe3a60dd102d513285,outputs\seasonal_stress_preflight\validation\pa1_full_001.json,3b5a654b311372de3d3a9a25a33532bf1601218a9f10727ff6cd38df79812054,SEASONAL_PREFLIGHT_FAIL,PASS,FAIL,PASS,PASS,PASS,FULL_HORIZON_PASS,True,FULL_HORIZON_PASS,ELIGIBLE_FULL_RUN
pa1_full_002,2.0,V1_RETAINED_FULL_PASS,pa1_full_002,lhs_candidate_000002,2,2,20260816,0.5937707313781648,0.1910605573480928,83328.41437779252,10.45722527635351,1.0509351934089235,APPROVED_FULL_RUN,bfa9c19f1db44184f38079a50ec19c336f8ff94ed8c7c1088e3c43e491291160,outputs\final_parameter_preflight\configs\pa1_full_002.yaml,23a8f2d0466bb72ea36760ff93e1a2f71e40bf6d69d5c845bc4d5f5ded1e9e28,outputs\seasonal_stress_preflight\validation\pa1_full_002.json,dd33e4dd4b31a3adfe66417331ef35f69f587b8d9579d110d2656d0bf0fc08d3,SEASONAL_PREFLIGHT_FAIL,PASS,FAIL,PASS,PASS,PASS,FULL_HORIZON_PASS,True,FULL_HORIZON_PASS,ELIGIBLE_FULL_RUN
pa1_full_003,2.0,V1_RETAINED_FULL_PASS,pa1_full_003,lhs_candidate_000003,3,3,20260816,0.3625812888194653,0.1794706586960847,64453.45315903168,9.720684768622252,1.0363938102545842,APPROVED_FULL_RUN,6981c19000d85223896b26c34c6874c9da6d1b331f30eeb08f5f7005a2f60954,outputs\final_parameter_preflight\configs\pa1_full_003.yaml,b7301252c4e613333ac2a39a4eb91ba301125563344536b0ac115243cd4eb54c,outputs\seasonal_stress_preflight\validation\pa1_full_003.json,8dc8c311e3828d328c39d237ce4f7d09befe8e655dd5a88567f75bb5566fa283,SEASONAL_PREFLIGHT_FAIL,PASS,FAIL,PASS,PASS,PASS,FULL_HORIZON_PASS,True,FULL_HORIZON_PASS,ELIGIBLE_FULL_RUN
pa1_full_004,2.0,V1_RETAINED_FULL_PASS,pa1_full_004,lhs_candidate_000004,4,4,20260816,0.5238725617970446,0.1672017903538136,86310.34536256846,12.656788132977825,1.2064146640767766,APPROVED_FULL_RUN,9f4acd63d09922fd8af95df47bab0d0e83f96887c3f49ca2e3e567c715add265,outputs\final_parameter_preflight\configs\pa1_full_004.yaml,3026705ddb70bdb685f73eac99096ac83f4721aa3cd317542ba3964373e7dc22,outputs\seasonal_stress_preflight\validation\pa1_full_004.json,beccf9dc0cb4a906c23024df4e0a93e391db6837b5678ba6e666b5bf0c2b9704,SEASONAL_PREFLIGHT_FAIL,PASS,FAIL,PASS,PASS,PASS,FULL_HORIZON_PASS,True,FULL_HORIZON_PASS,ELIGIBLE_FULL_RUN
pa1_full_005,2.0,V1_RETAINED_FULL_PASS,pa1_full_005,lhs_candidate_000005,5,5,20260816,0.6224913463041152,0.1405866386936771,69530.19737322906,9.242218430144888,1.0803423208519014,APPROVED_FULL_RUN,c0b192f8f3d9bb1bf777dc6607d43ebed913b6aab0b9b35a0fe1043d84a7f76a,outputs\final_parameter_preflight\configs\pa1_full_005.yaml,2ba2111bf036db542a8a7f26bf7d389ee6e865856d09ffd8c53099996cf174c9,outputs\seasonal_stress_preflight\validation\pa1_full_005.json,579a50cd085778694785128bdefbbdb1ad6497f4384a9e7b79bc78c49ad01c2a,SEASONAL_PREFLIGHT_PASS,PASS,PASS,PASS,PASS,PASS,FULL_HORIZON_PASS,True,FULL_HORIZON_PASS,ELIGIBLE_FULL_RUN
pa1_full_009,2.0,V1_RETAINED,pa1_full_009,lhs_candidate_000009,9,9,20260816,0.4874649292737562,0.1844019791788799,87166.74624315242,8.443606402396368,1.1294514346112494,APPROVED_FULL_RUN,dcdf41ed9efd2ad42bb181f7e24077579dd4f34a70d62507551bc0323a01db66,outputs\final_parameter_preflight\configs\pa1_full_009.yaml,849c3342e2d4357c958fcd4b1318c7c3bab4265a9c38392cfc9d16f5da6737a9,outputs\seasonal_stress_preflight\validation\pa1_full_009.json,1cecd6752495dc62ee2e27b8f409a624ef415d72fb17da48e9cb150dd4d714fe,SEASONAL_PREFLIGHT_PASS,PASS,PASS,PASS,PASS,PASS,NOT_RUN,True,SEASONAL_STRESS_PASS,ELIGIBLE_FULL_RUN
pa1_full_010,2.0,V1_RETAINED,pa1_full_010,lhs_candidate_000010,10,10,20260816,0.5425751179759423,0.1709148979617735,71085.46990939286,6.78110312254388,1.027760635323201,APPROVED_FULL_RUN,381de891d081a0afdf0fbdef295cb89c45de5900fa4ee7eda2dbf9497739ffb7,outputs\final_parameter_preflight\configs\pa1_full_010.yaml,8d0cf6449bd3468bf69f6b4fb37421da3a8ea2239843c8c42cb3782e9da90ff9,outputs\seasonal_stress_preflight\validation\pa1_full_010.json,7663fb7d45c7d99ccffeefa0d6eab7c62cbf20b25c6f70bbf578e25e231032e8,SEASONAL_PREFLIGHT_PASS,PASS,PASS,PASS,PASS,PASS,NOT_RUN,True,SEASONAL_STRESS_PASS,ELIGIBLE_FULL_RUN
pa1_full_011,2.0,V1_RETAINED,pa1_full_011,lhs_candidate_000011,11,11,20260816,0.6161757030527564,0.13257770940825891,79677.48061941231,9.925998246296476,1.1710857296541235,APPROVED_FULL_RUN,588d1d08aac332bec5bc79095b761e83e8e3dae06ed4992f407a5ef4c74e8ea3,outputs\final_parameter_preflight\configs\pa1_full_011.yaml,7ee156dba050b17b82e3ae01b259b395aa99f602220819459cd1fd31f62906d4,outputs\seasonal_stress_preflight\validation\pa1_full_011.json,963906efabf4538706afc7eda8422aee0aaf8a72c1a21759b6c1f17b7f8dd7ff,SEASONAL_PREFLIGHT_PASS,PASS,PASS,PASS,PASS,PASS,NOT_RUN,True,SEASONAL_STRESS_PASS,ELIGIBLE_FULL_RUN
pa1_full_012,2.0,V1_RETAINED,pa1_full_012,lhs_candidate_000012,12,12,20260816,0.4597714964480232,0.15781559524254296,84085.45974139718,5.449289389440048,1.181860987571267,APPROVED_FULL_RUN,0ba14850bb450ce274a6b5c2a6b3be0f30b6c3c8f7346f8acddae7aa66a7658a,outputs\final_parameter_preflight\configs\pa1_full_012.yaml,cbf35027e9a461dcd607d9eba1586f489d0a12d39324bc43b00795e93eb962eb,outputs\seasonal_stress_preflight\validation\pa1_full_012.json,32f70fc3a335f3b5c35af27ad1dc7879412d319bb37c586aeb2aa92cabcd1d19,SEASONAL_PREFLIGHT_PASS,PASS,PASS,PASS,PASS,PASS,NOT_RUN,True,SEASONAL_STRESS_PASS,ELIGIBLE_FULL_RUN
pa1_full_017,2.0,V1_RETAINED,pa1_full_017,lhs_candidate_000017,17,17,20260816,0.5763266823727005,0.1752415654318843,78464.4902828002,9.629356356047666,1.157551029868022,APPROVED_FULL_RUN,baec68e979dadfaddd2228f41c4f55e480f9a7adf05572671dbd487c6c948ddc,outputs\final_parameter_preflight\configs\pa1_full_017.yaml,edc51e81830e4a062e846bcc2cf36080aed94d6fc571d5f3b6a5d6509350dc73,outputs\seasonal_stress_preflight\validation\pa1_full_017.json,7d1edc61db3a4693c016bd2f88c6dbe24b1484978d74fdbaa77c0ddc8b0de82d,SEASONAL_PREFLIGHT_PASS,PASS,PASS,PASS,PASS,PASS,NOT_RUN,True,SEASONAL_STRESS_PASS,ELIGIBLE_FULL_RUN
pa1_full_018,2.0,V1_RETAINED,pa1_full_018,lhs_candidate_000018,18,18,20260816,0.4441514834104481,0.16481551227511382,88923.59066740777,7.537618416974564,1.000019161624783,APPROVED_FULL_RUN,79057dfefe9e28cedf35cf0f74b2a77d05ff6517c79772d54e8744beb1636828,outputs\final_parameter_preflight\configs\pa1_full_018.yaml,2621eb2e31874ecd6ca7fa98595be68a324eb172e74835e584657ba2b9a77d3c,outputs\seasonal_stress_preflight\validation\pa1_full_018.json,99fa54cef5597b1b24b165dd3dccb9db52adf41c58f265e1cd0592c54802015e,SEASONAL_PREFLIGHT_PASS,PASS,PASS,PASS,PASS,PASS,NOT_RUN,True,SEASONAL_STRESS_PASS,ELIGIBLE_FULL_RUN
pa1_full_021,2.0,V1_RETAINED,pa1_full_021,lhs_candidate_000021,21,21,20260816,0.500915084076389,0.1946931549390054,72838.06824301925,8.127593605747457,1.0140368021779966,APPROVED_FULL_RUN,2ff5737549fe94aea92a01d56939faf1aa35a80c15c3374ef51af1b6138c6536,outputs\final_parameter_preflight\configs\pa1_full_021.yaml,70e7a6915e0a90866725997207342eeb4e1c55e203e507779156ec4926013bb1,outputs\seasonal_stress_preflight\validation\pa1_full_021.json,df5e3604300cc747bd32ab7b3b07fca55551c2ddf6567376263dcf0522d13e00,SEASONAL_PREFLIGHT_PASS,PASS,PASS,PASS,PASS,PASS,NOT_RUN,True,SEASONAL_STRESS_PASS,ELIGIBLE_FULL_RUN
pa1_full_023,2.0,V1_RETAINED,pa1_full_023,lhs_candidate_000023,23,23,20260816,0.5344203505604506,0.18183194887755,87823.56290254838,7.693059249214098,1.0663060178666528,APPROVED_FULL_RUN,ddcc0f1077fc26ec6d378edf40df5228428d3096024022caf2ef66aeaf98506e,outputs\final_parameter_preflight\configs\pa1_full_023.yaml,6037d49522052ae8f85cdb0cc8a32c8c6871f77796f837f4d2039075455972a7,outputs\seasonal_stress_preflight\validation\pa1_full_023.json,658eae0ca0aba2e276898d266c717163f76375e6fc42bf20b026d80d4cda01aa,SEASONAL_PREFLIGHT_PASS,PASS,PASS,PASS,PASS,PASS,NOT_RUN,True,SEASONAL_STRESS_PASS,ELIGIBLE_FULL_RUN
pa1_v2_replacement_001,2.0,V2_REPLACEMENT,pa1_full_006,lhs_candidate_000024,24,24,20260816,0.5061144809870104,0.18524526235811756,88537.96295854819,8.995656928186776,1.0669255605294115,EXTREME_VALID_APPROVED,2352ec463a60dc856e32eca051d4590d2422cd9372fb8d91a182f5f760061b33,outputs\seasonal_stress_preflight\configs\pa1_v2_replacement_001.yaml,d5f26ace9b3e8f6054a8b244da5cd9e4aeabe2e5b734766f733fd6410acce278,outputs\seasonal_stress_preflight\validation\pa1_v2_replacement_001.json,c188bc7c4921936f28496ac468bb8f4e346a48b99c105e778aecca34900f870a,SEASONAL_PREFLIGHT_PASS,PASS,PASS,PASS,PASS,PASS,NOT_RUN,True,SEASONAL_STRESS_PASS,ELIGIBLE_FULL_RUN
pa1_v2_replacement_002,2.0,V2_REPLACEMENT,pa1_full_007,lhs_candidate_000025,25,25,20260816,0.47598918152292896,0.1699235632474584,74261.27734470839,8.002399785851457,1.1646844070262152,EXTREME_VALID_APPROVED,11995d3bde61cee00bd5ad691da7eecaf254d8a838100f996983bacad7361be2,outputs\seasonal_stress_preflight\configs\pa1_v2_replacement_002.yaml,c4f9acbe25268dc9160dd6479c5c6fff24b0f6ddad096b0fb5b44b910c9dd4e2,outputs\seasonal_stress_preflight\validation\pa1_v2_replacement_002.json,f1fb77ee3c46776ab64deca794576c7fe1076b50dbee7bc652501777d6dd9dbd,SEASONAL_PREFLIGHT_PASS,PASS,PASS,PASS,PASS,PASS,NOT_RUN,True,SEASONAL_STRESS_PASS,ELIGIBLE_FULL_RUN
pa1_v2_replacement_003,2.0,V2_REPLACEMENT,pa1_full_008,lhs_candidate_000026,26,26,20260816,0.6131857920561063,0.10956749145620032,71159.05836091201,9.75350552027852,1.1928540883037413,EXTREME_VALID_APPROVED,4ccf117c96eb6ba37c392fe9492f077c86ca02ad7e39bddf1a3a95755efd1d8e,outputs\seasonal_stress_preflight\configs\pa1_v2_replacement_003.yaml,c366108bf9eada96586158c76aa3e9eae147cac83c26d31789845d0502208475,outputs\seasonal_stress_preflight\validation\pa1_v2_replacement_003.json,478307ed19bc028226df8b357d6ee4e4799e8deb624853e4b75d8699d317ff04,SEASONAL_PREFLIGHT_PASS,PASS,PASS,PASS,PASS,PASS,NOT_RUN,True,SEASONAL_STRESS_PASS,ELIGIBLE_FULL_RUN
pa1_v2_replacement_004,2.0,V2_REPLACEMENT,pa1_full_013,lhs_candidate_000028,28,28,20260816,0.5625946211798503,0.1559605351644757,85723.44219733565,7.380064560424939,1.0824434328891437,APPROVED_FULL_RUN,932ec5b4a2a9abcb10845db8ed02fb4daab7e67ef3f611bf92651c0bcab60917,outputs\seasonal_stress_preflight\configs\pa1_v2_replacement_004.yaml,d41b81ae6c21ecd2ac8be6f6d4f203854b9f115913af0a5812951631f8ff5333,outputs\seasonal_stress_preflight\validation\pa1_v2_replacement_004.json,e6bff318c94d0535176711de7c322b6b06a163de87cf40ecde33fbba2a946e33,SEASONAL_PREFLIGHT_PASS,PASS,PASS,PASS,PASS,PASS,NOT_RUN,True,SEASONAL_STRESS_PASS,ELIGIBLE_FULL_RUN
pa1_v2_replacement_005,2.0,V2_REPLACEMENT,pa1_full_014,lhs_candidate_000029,29,29,20260816,0.6033436018818408,0.12668839948261196,86584.61481850885,9.242038946918303,1.044108749306409,EXTREME_VALID_APPROVED,a74854888373dd88d3998f89b6eeb1f2f73fa641f0e001b90d3cdead4e145983,outputs\seasonal_stress_preflight\configs\pa1_v2_replacement_005.yaml,679768017b2f933414647ad2bb77d433a395e9e68983ec35eaa6470c6244dad0,outputs\seasonal_stress_preflight\validation\pa1_v2_replacement_005.json,717db90d5406dfbccc9af7d0d0da0c3c84afae346b73382180575569c95a1244,SEASONAL_PREFLIGHT_PASS,PASS,PASS,PASS,PASS,PASS,NOT_RUN,True,SEASONAL_STRESS_PASS,ELIGIBLE_FULL_RUN
pa1_v2_replacement_006,2.0,V2_REPLACEMENT,pa1_full_015,lhs_candidate_000031,31,31,20260816,0.4863686074221141,0.1789008127507796,67389.85960927802,6.373215411849289,1.0529069723179374,EXTREME_VALID_APPROVED,5c81682e1e577f01d02b52c5ce40d1057edbaad708be5596b95f07c73f1700f8,outputs\seasonal_stress_preflight\configs\pa1_v2_replacement_006.yaml,e8d6b546136ccbfab064b7e6e72ee67ce675eb1b8d4371b4f3c0a9819ce5d912,outputs\seasonal_stress_preflight\validation\pa1_v2_replacement_006.json,3434cd7ef4b5cef19f9c91a86b7dc24a1412ccf00e72f21024b1dbff610e445f,SEASONAL_PREFLIGHT_PASS,PASS,PASS,PASS,PASS,PASS,NOT_RUN,True,SEASONAL_STRESS_PASS,ELIGIBLE_FULL_RUN
pa1_v2_replacement_007,2.0,V2_REPLACEMENT,pa1_full_016,lhs_candidate_000033,33,33,20260816,0.5893102791884168,0.18710255841854878,84076.80608092397,7.841574162159393,1.087466249937438,APPROVED_FULL_RUN,f0872c0d0e92f763ff3c256b2f560be52aeefefc6fba61c4bae80c70907e464b,outputs\seasonal_stress_preflight\configs\pa1_v2_replacement_007.yaml,0249ccefe466cf483b38ec39a112bfbd8ea67641fa5f507f2f84532949cbf2ec,outputs\seasonal_stress_preflight\validation\pa1_v2_replacement_007.json,dfe3fd41cf4d43e81afb27fac6647509582387d290405c4e7329bd7e6273b24f,SEASONAL_PREFLIGHT_PASS,PASS,PASS,PASS,PASS,PASS,NOT_RUN,True,SEASONAL_STRESS_PASS,ELIGIBLE_FULL_RUN
pa1_v2_replacement_008,2.0,V2_REPLACEMENT,pa1_full_019,lhs_candidate_000034,34,34,20260816,0.6268192956775811,0.1938173258997665,82056.01442147959,8.669263636561912,1.2521667509764556,EXTREME_VALID_APPROVED,f970bd363f39614d216e1e874a9dbcb4b0c22c40f1c50762cc7ca1db0240cc7e,outputs\seasonal_stress_preflight\configs\pa1_v2_replacement_008.yaml,ea844f289635e2293b60b3ff36c4e2d1e3341872da8cfd694eaf10e4d6b6a72a,outputs\seasonal_stress_preflight\validation\pa1_v2_replacement_008.json,202961afa678f30287ae08b7b7378d4874738864d95dd3760f9d4355f41e36ed,SEASONAL_PREFLIGHT_PASS,PASS,PASS,PASS,PASS,PASS,NOT_RUN,True,SEASONAL_STRESS_PASS,ELIGIBLE_FULL_RUN
pa1_v2_replacement_009,2.0,V2_REPLACEMENT,pa1_full_020,lhs_candidate_000035,35,35,20260816,0.43389295037967124,0.18851797687185123,81217.53292291505,6.639118693079654,1.0165512915722807,EXTREME_VALID_APPROVED,b4944a56a0d043940590401c6ab3c11da4f8fdd9b607e86082f111e215c1ff4c,outputs\seasonal_stress_preflight\configs\pa1_v2_replacement_009.yaml,44448a7eb96970645453538bfbd150ed015ca897903f56a7546ae5f31ff7f687,outputs\seasonal_stress_preflight\validation\pa1_v2_replacement_009.json,d783708774eef80bac51f9b3bfade5ff2832adf631c6ecdbc8b5932e9f06a9a6,SEASONAL_PREFLIGHT_PASS,PASS,PASS,PASS,PASS,PASS,NOT_RUN,True,SEASONAL_STRESS_PASS,ELIGIBLE_FULL_RUN
pa1_v2_replacement_010,2.0,V2_REPLACEMENT,pa1_full_022,lhs_candidate_000052,52,52,20260816,0.6377803757297924,0.14404252555161018,78312.82732607471,10.036404119221501,1.003498660056371,EXTREME_VALID_APPROVED,7c7e89e2f190f4e383fe192cee500033cb55ad2d3200cc62e639aad93c2463d8,outputs\seasonal_stress_preflight\configs\pa1_v2_replacement_010.yaml,a06f2fd04a3f236d65d72429fd30c413118d092b54391975557adc55b1f6372e,outputs\seasonal_stress_preflight\validation\pa1_v2_replacement_010.json,6e87ccbc43a02d3e2528b4ed5e1d77bd279e18d0aa0a30802762683ed0ea6c9d,SEASONAL_PREFLIGHT_PASS,PASS,PASS,PASS,PASS,PASS,NOT_RUN,True,SEASONAL_STRESS_PASS,ELIGIBLE_FULL_RUN
