parameter_set_id,C_d,eta_s,C_s,irrigation_flow_L_h,ET_scale,seasonal_preflight_status,full_horizon_status,classification,reference_june_status,humid_stress_status,hot_solar_status,dry_vpd_status,transition_status,humid_RH_100_count,humid_RH_saturation_fraction,humid_RH_longest_run,runtime_seconds
pa1_full_000_baseline,0.65,0.2,90000.0,10.0,1.0,SEASONAL_PREFLIGHT_PASS,FULL_HORIZON_PASS,RETAINED_FULL_HORIZON_PASS,PASS,PASS,PASS,PASS,PASS,24,0.03333333333333333,4,49.09000659999947
pa1_full_001,0.25987923633928883,0.1484503779096941,76030.90520032778,8.646656175596249,1.0211366757228089,SEASONAL_PREFLIGHT_FAIL,FULL_HORIZON_PASS,RETAINED_FULL_HORIZON_PASS,PASS,FAIL,PASS,PASS,PASS,106,0.14722222222222223,9,48.61924329999965
pa1_full_002,0.5937707313781648,0.1910605573480928,83328.41437779252,10.45722527635351,1.0509351934089235,SEASONAL_PREFLIGHT_FAIL,FULL_HORIZON_PASS,RETAINED_FULL_HORIZON_PASS,PASS,FAIL,PASS,PASS,PASS,39,0.05416666666666667,5,51.78320399999939
pa1_full_003,0.3625812888194653,0.1794706586960847,64453.45315903168,9.720684768622252,1.0363938102545842,SEASONAL_PREFLIGHT_FAIL,FULL_HORIZON_PASS,RETAINED_FULL_HORIZON_PASS,PASS,FAIL,PASS,PASS,PASS,78,0.10833333333333334,9,56.05158619999929
pa1_full_004,0.5238725617970446,0.1672017903538136,86310.34536256846,12.656788132977825,1.2064146640767766,SEASONAL_PREFLIGHT_FAIL,FULL_HORIZON_PASS,RETAINED_FULL_HORIZON_PASS,PASS,FAIL,PASS,PASS,PASS,82,0.11388888888888889,9,55.97071499999947
pa1_full_005,0.6224913463041152,0.1405866386936771,69530.19737322906,9.242218430144888,1.0803423208519014,SEASONAL_PREFLIGHT_PASS,FULL_HORIZON_PASS,RETAINED_FULL_HORIZON_PASS,PASS,PASS,PASS,PASS,PASS,23,0.03194444444444444,4,57.374654700000974
pa1_full_006,0.2992743900968508,0.11375162150324551,81160.58343956625,13.61805324059373,1.140690919011765,SEASONAL_PREFLIGHT_FAIL,FULL_HORIZON_REJECTED,REJECTED_FULL_HORIZON_V1,PASS,FAIL,PASS,PASS,FAIL,188,0.2611111111111111,10,49.957332800000586
pa1_full_007,0.42491817505513363,0.19633287938935798,82032.88038491813,12.039030639169972,1.1172996540236286,SEASONAL_PREFLIGHT_FAIL,NOT_RUN,SEASONAL_PREFLIGHT_FAIL,PASS,FAIL,PASS,PASS,PASS,101,0.14027777777777778,9,55.96595480000178
pa1_full_008,0.5565400339108825,0.1878473088416509,80177.09736984805,13.022543382116742,1.100347659217742,SEASONAL_PREFLIGHT_FAIL,NOT_RUN,SEASONAL_PREFLIGHT_FAIL,PASS,FAIL,PASS,PASS,PASS,74,0.10277777777777777,9,57.723577299999306
pa1_full_009,0.4874649292737562,0.1844019791788799,87166.74624315242,8.443606402396368,1.1294514346112494,SEASONAL_PREFLIGHT_PASS,NOT_RUN,SEASONAL_PREFLIGHT_PASS,PASS,PASS,PASS,PASS,PASS,30,0.041666666666666664,4,65.35404000000199
pa1_full_010,0.5425751179759423,0.1709148979617735,71085.46990939286,6.78110312254388,1.027760635323201,SEASONAL_PREFLIGHT_PASS,NOT_RUN,SEASONAL_PREFLIGHT_PASS,PASS,PASS,PASS,PASS,PASS,10,0.013888888888888888,3,55.46934990000227
pa1_full_011,0.6161757030527564,0.13257770940825891,79677.48061941231,9.925998246296476,1.1710857296541235,SEASONAL_PREFLIGHT_PASS,NOT_RUN,SEASONAL_PREFLIGHT_PASS,PASS,PASS,PASS,PASS,PASS,32,0.044444444444444446,4,55.8707891999984
pa1_full_012,0.4597714964480232,0.15781559524254296,84085.45974139718,5.449289389440048,1.181860987571267,SEASONAL_PREFLIGHT_PASS,NOT_RUN,SEASONAL_PREFLIGHT_PASS,PASS,PASS,PASS,PASS,PASS,7,0.009722222222222222,3,55.91718430000037
pa1_full_013,0.5685513784820908,0.14259870766309696,89610.48398990538,11.253190201710028,1.0479059002777538,SEASONAL_PREFLIGHT_FAIL,NOT_RUN,SEASONAL_PREFLIGHT_FAIL,PASS,FAIL,PASS,PASS,PASS,49,0.06805555555555555,5,55.71591780000017
pa1_full_014,0.35213316097598674,0.16230213304229726,84797.15244743024,10.225121239757117,1.2610378170228205,SEASONAL_PREFLIGHT_FAIL,NOT_RUN,SEASONAL_PREFLIGHT_FAIL,PASS,FAIL,PASS,PASS,PASS,98,0.1361111111111111,9,55.56760700000086
pa1_full_015,0.39585354087554603,0.1251650667199492,85724.05289504018,9.01411905188864,1.2166069507544035,SEASONAL_PREFLIGHT_FAIL,NOT_RUN,SEASONAL_PREFLIGHT_FAIL,PASS,FAIL,PASS,PASS,PASS,57,0.07916666666666666,6,55.77608909999981
pa1_full_016,0.4666995058072113,0.173988756971094,68079.13984793026,11.537810684985814,1.0588658151435872,SEASONAL_PREFLIGHT_FAIL,NOT_RUN,SEASONAL_PREFLIGHT_FAIL,PASS,FAIL,PASS,PASS,PASS,75,0.10416666666666667,9,55.282687399998395
pa1_full_017,0.5763266823727005,0.1752415654318843,78464.4902828002,9.629356356047666,1.157551029868022,SEASONAL_PREFLIGHT_PASS,NOT_RUN,SEASONAL_PREFLIGHT_PASS,PASS,PASS,PASS,PASS,PASS,36,0.05,4,55.146930099999736
pa1_full_018,0.4441514834104481,0.16481551227511382,88923.59066740777,7.537618416974564,1.000019161624783,SEASONAL_PREFLIGHT_PASS,NOT_RUN,SEASONAL_PREFLIGHT_PASS,PASS,PASS,PASS,PASS,PASS,26,0.03611111111111111,4,55.446997799997916
pa1_full_019,0.6371249092370019,0.1994964379704339,77353.8549849558,10.867768477398197,1.00700190563823,SEASONAL_PREFLIGHT_FAIL,NOT_RUN,SEASONAL_PREFLIGHT_FAIL,PASS,FAIL,PASS,PASS,PASS,38,0.05277777777777778,4,55.10981500000344
pa1_full_020,0.6426082813659142,0.1547641049817945,88262.26130654673,12.123724665594288,1.1122118517585284,SEASONAL_PREFLIGHT_FAIL,NOT_RUN,SEASONAL_PREFLIGHT_FAIL,PASS,FAIL,PASS,PASS,PASS,49,0.06805555555555555,5,54.712472100000014
pa1_full_021,0.500915084076389,0.1946931549390054,72838.06824301925,8.127593605747457,1.0140368021779966,SEASONAL_PREFLIGHT_PASS,NOT_RUN,SEASONAL_PREFLIGHT_PASS,PASS,PASS,PASS,PASS,PASS,24,0.03333333333333333,4,55.283442599997215
pa1_full_022,0.608768807341019,0.1885689250038075,74183.1355398643,10.676128109480423,1.0910375915614683,SEASONAL_PREFLIGHT_FAIL,NOT_RUN,SEASONAL_PREFLIGHT_FAIL,PASS,FAIL,PASS,PASS,PASS,40,0.05555555555555555,5,55.51060449999932
pa1_full_023,0.5344203505604506,0.18183194887755,87823.56290254838,7.693059249214098,1.0663060178666528,SEASONAL_PREFLIGHT_PASS,NOT_RUN,SEASONAL_PREFLIGHT_PASS,PASS,PASS,PASS,PASS,PASS,19,0.02638888888888889,3,55.1596744999988
