timestamp,air_temperature,air_humidity,soil_temperature,soil_moisture,light_lux,pump_state,fan_state,grow_light_state
2024-06-01T00:00,29.6,83,29.6,0.4,0,0,0,0
2024-06-01T01:00,29.3982025937819,84.2187042759205,29.5836013436983,0.399928058690231,0,0,0,0
2024-06-01T02:00,29.0537454304781,85.0032419346876,29.5613827748302,0.399860449558676,0,0,0,0
2024-06-01T03:00,28.786197800374,86.2142605023378,29.532492913321,0.399798584318981,0,0,0,0
2024-06-01T04:00,28.7014433704879,86.6178550411301,29.5004443515226,0.399741046049986,0,0,0,0
2024-06-01T05:00,28.6326499583341,86.4776497754137,29.4680237658309,0.399683946685756,0,0,0,0
2024-06-01T06:00,28.6266339807743,87.5155179090827,29.4398649826681,0.39956335254605,2270.1008,1,0,0
2024-06-01T07:00,29.0955711707033,92.8539051310033,29.4538973492357,0.407252254039157,17175.8752,0,0,0
2024-06-01T08:00,30.3484120561575,98.3670439499807,29.5592236064864,0.405573728614631,35020.832,0,0,0
2024-06-01T09:00,32.1183194603228,95.4569606495758,29.7861090312121,0.402608387592834,54960.8576,0,1,0
2024-06-01T10:00,33.6720975083133,80.1194911240426,30.1270660767001,0.398360439635115,69954.632,0,1,0
2024-06-01T11:00,34.6518745177351,72.5214379475875,30.5334529325389,0.393391652128821,77644.4944,0,1,0
2024-06-01T12:00,35.0201010024778,66.3141432341794,30.9460316809537,0.388334178941625,72734.5696,0,1,0
2024-06-01T13:00,34.7807299626818,65.4731222027843,31.3179701293508,0.383699096185674,64498.192,0,1,0
2024-06-01T14:00,34.6557693076592,64.4331798177306,31.6386435107971,0.379573238274741,59218.016,0,1,0
2024-06-01T15:00,34.2197251330951,66.0826967120614,31.8844132299126,0.376341260020742,39384.1536,0,1,0
2024-06-01T16:00,33.4316982952009,66.0177951474419,32.0343341835282,0.374206523612093,26185.4736,0,1,0
2024-06-01T17:00,32.810989884772,66.1915292022628,32.1167952458733,0.372758549823882,16665.2464,0,1,0
2024-06-01T18:00,32.236279637094,69.8692198229166,32.1415335984799,0.37195496437499,4733.8368,1,0,0
2024-06-01T19:00,31.5031899422557,70.2028087287726,32.1166828469305,0.379993304533908,0,0,0,0
2024-06-01T20:00,30.9014455552021,73.9527165476205,32.0672665978311,0.379855984327232,0,0,0,0
2024-06-01T21:00,30.4030227099611,77.7236858729655,32.0073718253976,0.379741048160887,0,0,0,0
2024-06-01T22:00,29.915833439377,81.5284688400748,31.9381917036493,0.379646782337607,0,0,0,0
2024-06-01T23:00,29.4269465820802,84.3940918926799,31.8600698251387,0.379570318031126,0,0,0,0
2024-06-02T00:00,28.9975942607731,86.5167712100632,31.7737254902607,0.379506832898204,0,0,0,0
2024-06-02T01:00,28.6027322493955,88.4326164841716,31.6807370343087,0.379453270640966,0,0,0,0
2024-06-02T02:00,28.4502842390286,90.8618897434157,31.5836576837874,0.379409952367531,0,0,0,0
2024-06-02T03:00,28.4335666655543,89.5045216410127,31.4879607173374,0.379369577468663,0,0,0,0
2024-06-02T04:00,28.3698808219118,89.1569607460541,31.3942262379393,0.379324578014597,0,0,0,0
2024-06-02T05:00,28.1543823802458,89.6788176052852,31.3001582838602,0.379280396501156,0,0,0,0
2024-06-02T06:00,28.0758798502019,91.6895976660732,31.2091494285137,0.379176833374584,2199.736,1,0,0
2024-06-02T07:00,29.6303573232156,87.4131141889773,31.1738217881094,0.386825487926483,17633.7744,0,0,0
2024-06-02T08:00,31.4573303887483,87.1464339200479,31.2606747385042,0.384979802727506,36745.8256,0,0,0
2024-06-02T09:00,32.7334171795796,78.6240635542413,31.460554181805,0.381932623870393,54097.7888,0,1,0
2024-06-02T10:00,34.0682031912842,79.1834101098009,31.7666702437348,0.377634290065106,71855.8896,0,1,0
2024-06-02T11:00,35.3953649496711,75.553209589018,32.1683827982736,0.372245618565296,80973.2352,0,1,0
2024-06-02T12:00,36.2836780367548,69.7812638454984,32.6209380276342,0.366283905609268,82259.1088,0,1,0
2024-06-02T13:00,36.7469078918128,68.802423390623,33.0973557381056,0.359975721608437,86360.1904,0,1,0
2024-06-02T14:00,36.37082144321,65.549738192764,33.5139240911414,0.354354760270272,67227.248,0,1,0
2024-06-02T15:00,34.5755545612162,69.5658789518112,33.7883968858291,0.350301821584969,48132.216,0,1,0
2024-06-02T16:00,32.9780116167591,76.0140422012554,33.952055970246,0.34719214357859,39879.1712,0,1,0
2024-06-02T17:00,31.8055614616852,76.5757199047257,34.0127557177429,0.34511085644033,17721.8624,0,1,0
2024-06-02T18:00,31.0851414080942,77.311896230719,33.9684749259925,0.3442197352057,5983.384,1,0,0
2024-06-02T19:00,30.6094271192891,75.642082164985,33.8725648090888,0.352253630945377,0,0,0,0
2024-06-02T20:00,30.0195124817855,82.5668287371274,33.7551868126709,0.352153639637414,0,0,0,0
2024-06-02T21:00,29.6439564837089,84.1417028380835,33.6292718479629,0.352080110347061,0,0,0,0
2024-06-02T22:00,29.30983306099,85.6175138290806,33.4998862701624,0.352012412415588,0,0,0,0
2024-06-02T23:00,29.100640479722,86.1753251017913,33.3673999971265,0.351951236732864,0,0,0,0
2024-06-03T00:00,28.8106566061903,86.6605873175667,33.2338710705839,0.351892280198749,0,0,0,0
2024-06-03T01:00,28.4268673122023,89.1637867647436,33.0961767656234,0.351840686631362,0,0,0,0
2024-06-03T02:00,28.2153062423005,92.4140083049191,32.9551958978781,0.351802545516052,0,0,0,0
2024-06-03T03:00,28.0453445676796,92.6226907791293,32.8144605458295,0.351772225767418,0,0,0,0
2024-06-03T04:00,27.9694838586627,92.8941155031259,32.6745075265973,0.351742770148929,0,0,0,0
2024-06-03T05:00,28.0192981288938,92.2023905138244,32.5382866368745,0.351712621927922,0,0,0,0
2024-06-03T06:00,28.0896934796682,92.9869180717712,32.4133691782667,0.351595905798647,2622.1888,1,0,0
2024-06-03T07:00,29.2796268899894,96.8721919788866,32.3497955504523,0.35914800551709,19253.3968,0,0,0
2024-06-03T08:00,31.3810118453235,100,32.4200638641012,0.357023040016778,39756.9568,0,0,0
2024-06-03T09:00,33.5464815799118,81.0237560278338,32.6409636552021,0.35337562559601,59187.0576,0,1,0
2024-06-03T10:00,35.1838773764153,73.0807915275674,32.980115539019,0.348431747667172,71365.888,0,1,0
2024-06-03T11:00,36.5613644806818,70.7589669277881,33.408208541798,0.342492568160065,84477.8,0,1,0
2024-06-03T12:00,37.3675966583122,67.1679224520507,33.8940620341358,0.335876873545053,87997.8,0,1,0
2024-06-03T13:00,37.9218648113328,65.6751227552344,34.3851291215378,0.329165644953321,86677.624,0,1,0
2024-06-03T14:00,37.5473672162397,64.086110097455,34.8207971838659,0.323102562361795,72350.7312,0,1,0
2024-06-03T15:00,36.4749495096856,63.2044088200757,35.1409777035354,0.318287004281648,56035.4608,0,1,0
2024-06-03T16:00,34.6568106988976,67.0522006594815,35.3235650084134,0.314908757758687,35004.1648,0,1,0
2024-06-03T17:00,33.3506364482554,68.821159784856,35.363298467708,0.313017050027329,15416.4912,0,1,0
2024-06-03T18:00,32.562122003706,72.2420078893498,35.3133161107218,0.312114592384412,6494.0128,1,0,0
2024-06-03T19:00,31.7753701394707,74.5683402355781,35.2123439447743,0.320086393092128,0,0,0,0
2024-06-03T20:00,31.272777953238,78.7556097062784,35.0834088440715,0.319969863264449,0,0,0,0
2024-06-03T21:00,30.9011782580893,81.7010943770139,34.9492297382219,0.319873625933477,0,0,0,0
2024-06-03T22:00,30.4529959453606,85.197933877907,34.8097369973427,0.319794468619425,0,0,0,0
2024-06-03T23:00,29.8467168123523,89.4925940202218,34.662526801106,0.31973555009139,0,0,0,0
2024-06-04T00:00,29.4660107567785,89.6832405365998,34.5073841671741,0.319690116792868,0,0,0,0
2024-06-04T01:00,29.2484849232032,89.6681137630365,34.350549048023,0.319644436125217,0,0,0,0
2024-06-04T02:00,28.8046489170824,87.380850094972,34.1913742864838,0.319594694045031,0,0,0,0
2024-06-04T03:00,28.3476692298146,89.9796124399067,34.0257320019428,0.319546225279414,0,0,0,0
2024-06-04T04:00,28.008091117078,91.260221443122,33.8559113046527,0.319507913592139,0,0,0,0
2024-06-04T05:00,27.8881287613526,90.9739697506285,33.6854170038348,0.319472279641291,0,0,0,0
2024-06-04T06:00,27.9147490906863,92.7438072312622,33.5251533745609,0.319349438934475,2710.1888,1,0,0
2024-06-04T07:00,29.8195805553637,88.7393508581633,33.4338369768122,0.326872433922636,19447.032,0,0,0
2024-06-04T08:00,32.3359699396207,96.1730434217994,33.4947492401617,0.324668808017415,40355.4096,0,0,0
2024-06-04T09:00,34.357656000346,75.884904544478,33.7091629476077,0.320935526871508,59415.9632,0,1,0
2024-06-04T10:00,35.963755500083,70.1168454739064,34.0485964173248,0.315777288880949,75044.6048,0,1,0
2024-06-04T11:00,37.1911939676145,66.5369102319991,34.4782085532196,0.309604531719533,85164.5168,0,1,0
2024-06-04T12:00,38.0430304904876,63.3013134882965,34.9566851551844,0.303067925097161,89564.3408,0,1,0
2024-06-04T13:00,38.3255944806185,61.7216238897746,35.4395024746884,0.296713213507009,87100.4288,0,1,0
2024-06-04T14:00,38.2483189306647,57.6523734661152,35.876218955111,0.291035887384885,77490.4416,0,1,0
2024-06-04T15:00,37.3546817429378,56.8621868431701,36.2134375842018,0.286515513548326,60558.4672,0,1,0
2024-06-04T16:00,34.7030292600107,61.7035713522024,36.3725296044284,0.283728135541215,30374.5552,0,1,0
2024-06-04T17:00,33.1619324522824,68.968499091686,36.3684284409928,0.282294045787442,18179.4096,0,1,0
2024-06-04T18:00,32.4170369445937,70.0297815908235,36.2926747639281,0.281491802161895,6722.6544,1,1,0
2024-06-04T19:00,31.6709766989105,73.5858144790956,36.1612281616562,0.289512594391273,0,0,0,0
2024-06-04T20:00,31.1310583650537,76.7329186644472,36.0033375987776,0.289406533297547,0,0,0,0
2024-06-04T21:00,30.7833840005427,79.688143260362,35.8403385204098,0.289315916663531,0,0,0,0
2024-06-04T22:00,30.5433948157441,81.8433304932314,35.6753699622877,0.289237450391583,0,0,0,0
2024-06-04T23:00,30.3428200226883,83.7780381743138,35.5102450384252,0.289168034856157,0,0,0,0
2024-06-05T00:00,30.1460529759709,84.8988221851784,35.3453093100063,0.289105685781348,0,0,0,0
2024-06-05T01:00,29.9490976739051,85.8868508705226,35.1805828359227,0.289048064351856,0,0,0,0
2024-06-05T02:00,29.7527902384514,88.453450993852,35.0160591964124,0.288997653611673,0,0,0,0
2024-06-05T03:00,29.6147370223983,88.9719694513999,34.8522556124257,0.288954699045599,0,0,0,0
2024-06-05T04:00,29.5095743383287,88.952233142091,34.690438908174,0.288912415203697,0,0,0,0
2024-06-05T05:00,29.3480851650153,88.7941816140711,34.5303215327222,0.288870058083151,0,0,0,0
2024-06-05T06:00,29.316091466613,89.8207725041362,34.377919414205,0.288755966862364,2622.1888,1,0,0
2024-06-05T07:00,30.1982619653962,92.8219598727262,34.2815468852137,0.296399528819112,18461.3088,0,0,0
2024-06-05T08:00,32.1770109615145,95.1317640344263,34.3124831241869,0.294522233676408,39492.8688,0,0,0
2024-06-05T09:00,34.2579523400559,75.5115657596933,34.4943031980047,0.291296587588495,58359.8752,0,1,0
2024-06-05T10:00,35.9873950641295,69.1793465561642,34.8037293295754,0.286955212701564,73900.4288,0,1,0
2024-06-05T11:00,37.355547298006,63.194619015472,35.205610972434,0.281911353552367,83967.4352,0,1,0
2024-06-05T12:00,37.7556442446473,58.5939586588805,35.6257671081866,0.276916172725117,77877.624,0,1,0
2024-06-05T13:00,37.5084102933528,59.5184668273307,36.0107569378777,0.272361449876248,79917.0592,0,1,0
2024-06-05T14:00,37.0155849878829,57.2667750814938,36.309613917001,0.268678891719939,58778.808,0,1,0
2024-06-05T15:00,35.9058453281422,60.5343548223797,36.4997171608944,0.265982663762481,46284.744,0,1,0
2024-06-05T16:00,33.3039352400753,75.6832352213814,36.5816393890707,0.264044604280738,29671.2592,0,1,0
2024-06-05T17:00,31.6286056318508,79.049049195859,36.5361160816078,0.262911347108236,16243.4096,0,1,0
2024-06-05T18:00,30.6147515533251,81.380033068517,36.4086876660107,0.262372350400333,4786.7424,1,1,0
2024-06-05T19:00,29.976628384376,80.5722118401193,36.229293881613,0.27052868822034,0,0,0,0
2024-06-05T20:00,29.729823085432,80.0128548272307,36.0349964493623,0.270462197729339,0,0,0,0
2024-06-05T21:00,29.6160837478733,80.9261151522177,35.8426251321269,0.270396699134989,0,0,0,0
2024-06-05T22:00,29.4548495317978,80.937352271475,35.6527584281551,0.270333570945003,0,0,0,0
2024-06-05T23:00,28.9595049456726,84.524399342306,35.4614693237873,0.270276418666799,0,0,0,0
2024-06-06T00:00,28.4108241227523,87.7365042477488,35.2628611195239,0.270232947139229,0,0,0,0
2024-06-06T01:00,28.0938452300917,89.3209673009,35.0599071481092,0.270198087093233,0,0,0,0
2024-06-06T02:00,27.8841315573085,91.1961623634471,34.8571694652576,0.270168509646991,0,0,0,0
2024-06-06T03:00,27.6843487115104,91.4136010583164,34.6555629472228,0.270142754412853,0,0,0,0
2024-06-06T04:00,27.604958842054,91.7137715421517,34.4561690130411,0.270117829696076,0,0,0,0
2024-06-06T05:00,27.8327491957823,91.4539627687636,34.2636749263482,0.270093097607581,0,0,0,0
2024-06-06T06:00,28.1283349027652,91.7874764820894,34.0881579766416,0.270014016556079,2305.3712,1,0,0
2024-06-06T07:00,29.2205312308856,94.276613953183,33.9705424082131,0.277813153724409,17510.592,0,0,0
2024-06-06T08:00,30.6426499607341,89.8067041216721,33.9667264910428,0.276371101200974,36834.1776,0,1,0
2024-06-06T09:00,32.6676210399231,75.9362172977277,34.090738862522,0.273892527323021,53624.6304,0,1,0
2024-06-06T10:00,34.966482041065,67.4581628318855,34.3607432075049,0.270319449646638,73336.8064,0,1,0
2024-06-06T11:00,36.6437692717004,60.7229012920396,34.7549289056829,0.265901872099175,84653.888,0,1,0
2024-06-06T12:00,37.5485334301521,56.3149023496479,35.2074795095885,0.26120005687666,88736.7184,0,1,0
2024-06-06T13:00,37.7344085357898,54.9851102484658,35.6470615612646,0.256788236727641,81555.5488,0,1,0
2024-06-06T14:00,37.1297538945372,56.6800069107563,36.0162430524734,0.253048022333828,73914.984,0,1,0
2024-06-06T15:00,36.3736503643976,57.8341088561841,36.2845603776873,0.25011290818038,54187.5488,0,1,0
2024-06-06T16:00,33.9247682982731,66.5413691084349,36.4177504395501,0.248132015387828,34387.2848,0,1,0
2024-06-06T17:00,31.7088330811237,73.9976199056266,36.3940078320383,0.247058668705808,16436.8688,0,1,0
2024-06-06T18:00,30.6134968857242,75.3476848445832,36.2666668372228,0.246607401274502,3660.3776,1,1,0
2024-06-06T19:00,30.0079952560629,75.9683965954475,36.0892460249717,0.254797538234972,0,0,0,0
2024-06-06T20:00,29.618344519543,77.7216004751219,35.8981707730399,0.254729321530775,0,0,0,0
2024-06-06T21:00,29.1356378464236,84.2037066642478,35.7034655503328,0.254673882780037,0,0,0,0
2024-06-06T22:00,28.9725841512613,85.1836579923574,35.5055871069176,0.254632407435165,0,0,0,0
2024-06-06T23:00,28.8048778909707,86.3916326201738,35.3110358629973,0.254592464662639,0,0,0,0
2024-06-07T00:00,28.5819412335759,87.5815890095182,35.1169581519541,0.254556898918308,0,0,0,0
2024-06-07T01:00,28.4982142837574,87.20009942993,34.9246687820201,0.254522994424612,0,0,0,0
2024-06-07T02:00,28.6035171490409,85.7637895818655,34.7379659735171,0.254486460432791,0,0,0,0
2024-06-07T03:00,28.6093605071452,84.2816909969402,34.558454586288,0.254445415109459,0,0,0,0
2024-06-07T04:00,28.6371037435152,84.2266243281684,34.3836462987695,0.254402342773451,0,0,0,0
2024-06-07T05:00,28.3693228131254,86.8553179950018,34.2121575385934,0.2543624351793,0,0,0,0
2024-06-07T06:00,28.4263089522572,87.9574521210029,34.0467102214028,0.254276211774831,2674.9184,1,0,0
2024-06-07T07:00,29.505532564704,87.6219703647053,33.94063700771,0.262086862220057,18126.856,0,0,0
2024-06-07T08:00,31.370742167493,83.5361985025967,33.954630690571,0.260727933465733,36377.5104,0,0,0
2024-06-07T09:00,33.5253706167908,71.3686610462722,34.1157980511033,0.258350244143549,57972.2528,0,1,0
2024-06-07T10:00,35.3113096903306,64.802183917922,34.4041400354099,0.25516292795741,70538.0896,0,1,0
2024-06-07T11:00,36.6950990409669,60.2462660714853,34.7827273855479,0.251457031779276,83632.0144,0,1,0
2024-06-07T12:00,37.6170818468191,56.9745251277644,35.2225249616502,0.247455331754432,88542.3792,0,1,0
2024-06-07T13:00,37.8826820184812,55.3971937134282,35.6667653364814,0.243568102489475,86974.9584,0,1,0
2024-06-07T14:00,37.3097043649244,55.2012311420193,36.0500604276856,0.240199122286391,75076.7072,0,1,0
2024-06-07T15:00,36.0563059041855,57.0253507727746,36.3006449179776,0.237753680724487,51808.9968,0,1,0
2024-06-07T16:00,34.2739064420861,62.0231520903982,36.413895093739,0.236139682647311,36129.4736,0,1,0
2024-06-07T17:00,33.0672582047726,64.9517172289018,36.424997647783,0.23505897139751,20766.416,0,1,0
2024-06-07T18:00,32.1199772092246,66.8503804560163,36.3466637242038,0.234510094627916,5842.5664,1,1,0
2024-06-07T19:00,31.2827287643379,71.8491855231454,36.2027352791892,0.242652857444468,0,0,0,0
2024-06-07T20:00,30.6839534803635,76.0865565539969,36.0345085474792,0.242580911348093,0,0,0,0
2024-06-07T21:00,30.1247088234745,80.7101286135483,35.8586128304974,0.242522873080021,0,0,0,0
2024-06-07T22:00,30.192822112527,76.5071716240429,35.6804351514192,0.242468303334495,0,0,0,0
2024-06-07T23:00,30.5154701149536,72.3300135058238,35.5133639506702,0.242399665777216,0,0,0,0
2024-06-08T00:00,30.5124960594383,73.0054485844687,35.3551267910777,0.24232515725288,0,0,0,0
2024-06-08T01:00,30.2743379688809,74.7132239240378,35.1980684684149,0.242255248255189,0,0,0,0
2024-06-08T02:00,29.1424087814564,82.6121809503229,35.0319636176897,0.242198818471881,0,0,0,0
2024-06-08T03:00,28.4904208698615,85.4813849422455,34.8462835578818,0.242161528646993,0,0,0,0
2024-06-08T04:00,28.5729569474278,84.5393658487823,34.660856019303,0.242126141876559,0,0,0,0
2024-06-08T05:00,28.7242073361643,84.2038004381827,34.4842411607967,0.242088226575335,0,0,0,0
2024-06-08T06:00,28.6948825194023,85.8645216065593,34.319280591977,0.242008707041893,2463.736,1,0,0
2024-06-08T07:00,29.7247705676272,82.6739489969693,34.1987709321617,0.249969541927561,14817.6864,0,0,0
2024-06-08T08:00,31.7587513081568,78.294825447534,34.2022868715716,0.248829557190962,37538.7056,0,0,0
2024-06-08T09:00,33.6953862308796,66.5136880454949,34.3504449913439,0.246803033416763,54556.92,0,1,0
2024-06-08T10:00,35.0574990306408,62.5175214308826,34.6000124065137,0.244207296012261,68036.9712,0,1,0
2024-06-08T11:00,35.8543922299791,59.8317629587819,34.8995455339961,0.241390172715253,70993.2608,0,1,0
2024-06-08T12:00,36.7596274219351,58.5834092981127,35.2516744968516,0.238301292975709,84563.16,0,1,0
2024-06-08T13:00,37.2985808538023,56.4752591683357,35.6530341008172,0.234988768344446,81274.1776,0,1,0
2024-06-08T14:00,36.9434089531384,53.8639204803145,36.0315580681827,0.231894038807068,76415.8384,0,1,0
2024-06-08T15:00,35.4713118383978,58.3349081089798,36.2912607371108,0.229546071942138,49329.8256,0,1,0
2024-06-08T16:00,34.2017671994411,62.852185226253,36.4047286715552,0.228023679377847,37203.1088,0,1,0
2024-06-08T17:00,32.873145360632,66.2550913819178,36.4113398847246,0.227076255310869,19340.1648,0,1,0
2024-06-08T18:00,31.6950865058029,68.0596544511545,36.3182688099814,0.226634588629238,5666.6544,1,1,0
2024-06-08T19:00,30.9360737595897,72.2528956004516,36.1661601689817,0.23479757319782,0,0,0,0
2024-06-08T20:00,30.4522827730744,74.6687376304127,35.99258957692,0.234731550756614,0,0,0,0
2024-06-08T21:00,30.2263102972692,75.3978460759295,35.8158380100181,0.234670976418603,0,0,0,0
2024-06-08T22:00,30.052126604755,75.9878018455494,35.6401378871781,0.234612184174754,0,0,0,0
2024-06-08T23:00,29.8556480337164,77.723027775439,35.465106629102,0.234556804787286,0,0,0,0
2024-06-09T00:00,29.5971745872347,78.6561100385417,35.2900266413838,0.234505543330688,0,0,0,0
2024-06-09T01:00,29.3029711847925,80.4049424227656,35.1135227015496,0.234458022824136,0,0,0,0
2024-06-09T02:00,29.0654866732273,80.7318093163431,34.935847514651,0.234413967286462,0,0,0,0
2024-06-09T03:00,28.9232214086261,81.7669822933089,34.7588768299517,0.234371672956795,0,0,0,0
2024-06-09T04:00,28.819325090969,82.7797090107278,34.5842503810825,0.234332048412613,0,0,0,0
2024-06-09T05:00,28.7778474060858,82.2404538371984,34.4127411253495,0.234293370642605,0,0,0,0
2024-06-09T06:00,28.7995195275954,82.2231477423313,34.2489541887843,0.2342305278538,1460.6416,1,0,0
2024-06-09T07:00,29.1409499846108,82.3017294073646,34.1126018632735,0.242334014489326,8869.5728,0,0,0
2024-06-09T08:00,29.956795011336,81.4919538715334,34.0313615310151,0.241785484642061,19657.0704,0,0,0
2024-06-09T09:00,31.3245778677145,78.3848684747465,34.0335597585767,0.240772571242858,36674.2288,0,1,0
2024-06-09T10:00,33.4083395555976,67.2003492140043,34.1674983043718,0.238986163780247,60820.2672,0,1,0
2024-06-09T11:00,35.7484043630142,58.7044446621642,34.4732596211027,0.236227231248691,81132.744,0,1,0
2024-06-09T12:00,37.0049471422955,53.5946407511704,34.8834830261037,0.232989547132792,82822.3792,0,1,0
2024-06-09T13:00,36.6781646162023,53.9552157724135,35.2534844780325,0.230141144232408,69585.7008,0,1,0
2024-06-09T14:00,35.9017392454336,57.2053241054396,35.5358658331622,0.227836396371758,63865.0848,0,1,0
2024-06-09T15:00,35.0432518367958,58.1678163926694,35.7267098384539,0.2260564960356,43415.3984,0,1,0
2024-06-09T16:00,33.80342236792,62.1970595677729,35.8245306165345,0.224764094078002,35320.1024,0,1,0
2024-06-09T17:00,31.8123678457799,71.0748537375289,35.8334470523644,0.223853128106905,19868.9568,0,1,0
2024-06-09T18:00,30.5337005803999,73.061771824911,35.7304252410453,0.223443650976718,3414.0128,1,1,0
2024-06-09T19:00,29.9101476880844,74.7094514202665,35.5654256085305,0.231664678912487,0,0,0,0
2024-06-09T20:00,29.4602958352619,77.3863777707199,35.3862397010955,0.23161009007416,0,0,0,0
2024-06-09T21:00,29.1782354977026,78.9278059277255,35.2038013362333,0.231561950568756,0,0,0,0
2024-06-09T22:00,28.9696248990038,80.606222877189,35.0212670458453,0.231517591009294,0,0,0,0
2024-06-09T23:00,28.8289002789233,82.6226118394777,34.8398055975405,0.231477827109618,0,0,0,0
2024-06-10T00:00,28.6652278906093,83.6497558414889,34.6602999879884,0.231441764247617,0,0,0,0
2024-06-10T01:00,28.4104147540065,85.2719458910831,34.4811587411964,0.231408720025672,0,0,0,0
2024-06-10T02:00,28.2362378214244,85.759551595507,34.3017808111525,0.231378697017879,0,0,0,0
2024-06-10T03:00,28.1275841338867,85.8006123546862,34.1245088225899,0.23134924659282,0,0,0,0
2024-06-10T04:00,28.0855220859394,86.7606786407945,33.9503760551809,0.231320877867363,0,0,0,0
2024-06-10T05:00,28.0792819869083,86.9482431732082,33.7807021416897,0.231293924220811,0,0,0,0
2024-06-10T06:00,28.0631363980873,87.2522732331202,33.6203202243432,0.231232831547518,2182.1888,1,0,0
2024-06-10T07:00,28.6235949796477,90.561164935695,33.5096536669342,0.239178690633241,17405.2208,0,0,0
2024-06-10T08:00,29.6269386998075,90.1980617571666,33.4893495580944,0.238249354217076,32029.624,0,0,0
2024-06-10T09:00,30.973375157962,79.1562121302715,33.5535993001395,0.236859806515304,46459.072,0,1,0
2024-06-10T10:00,32.4308926287425,71.1484106444017,33.7100125908941,0.234990948682466,62632.2048,0,1,0
2024-06-10T11:00,33.7740047805335,65.5072512740291,33.9424059261637,0.232772679080243,68228.4944,0,1,0
2024-06-10T12:00,34.792252520899,62.3131512430609,34.2168735049339,0.230435953105649,71502.2176,0,1,0
2024-06-10T13:00,35.4306247297598,60.1513403893101,34.5167552989195,0.228049833796044,70729.1728,0,1,0
2024-06-10T14:00,34.9224715575455,59.0159967182483,34.767954429053,0.22602316311086,54061.2864,0,1,0
2024-06-10T15:00,34.4017443576932,59.6778892515774,34.9377126278304,0.224450087075972,47620.8832,0,1,0
2024-06-10T16:00,33.6459358255054,59.914579110099,35.045059636246,0.223211306274442,31536.1024,0,1,0
2024-06-10T17:00,32.3286184396608,64.2103579012581,35.0535427499587,0.222474063460145,14219.3216,0,1,0
2024-06-10T18:00,31.4186343398887,67.5511719220489,34.9790490305488,0.222119135517285,5789.8368,1,1,0
2024-06-10T19:00,30.8094947976787,70.6679749317371,34.8607465911189,0.230288521506609,0,0,0,0
2024-06-10T20:00,30.3332860597767,73.5342156531357,34.7208789960163,0.230222981021924,0,0,0,0
2024-06-10T21:00,29.9900351676818,75.7146846094548,34.5759179466284,0.230165048678019,0,0,0,0
2024-06-10T22:00,29.6892051282302,78.4556707171292,34.4279797817023,0.230113461362701,0,0,0,0
2024-06-10T23:00,29.3926879146371,80.5061262359912,34.277523794942,0.230068289688291,0,0,0,0
2024-06-11T00:00,29.0966928468087,82.4318248977565,34.1246542249612,0.230028105417717,0,0,0,0
2024-06-11T01:00,28.79966900219,83.4940678163716,33.9694375223217,0.229991918816577,0,0,0,0
2024-06-11T02:00,28.6204913633369,82.9796492459366,33.8129394880483,0.229956979861416,0,0,0,0
2024-06-11T03:00,28.5112347374929,82.8937129997003,33.6578593411621,0.229921375680901,0,0,0,0
2024-06-11T04:00,28.409999391823,83.7513337150105,33.5047845937182,0.229886789970694,0,0,0,0
2024-06-11T05:00,28.2496393128542,84.5790350162878,33.3532146297731,0.229854269456335,0,0,0,0
2024-06-11T06:00,28.1053998037632,85.8577438883789,33.2074466507562,0.229786911140414,2393.3712,1,0,0
2024-06-11T07:00,29.0295470978978,83.2114178034659,33.1114194375858,0.237735050267425,17035.5856,0,0,0
2024-06-11T08:00,31.164506191707,80.0126507390035,33.1459089818422,0.236617836781218,39158.592,0,0,0
2024-06-11T09:00,33.4094765670341,65.1490328709815,33.3393107151483,0.234644836770085,58412.6928,0,1,0
2024-06-11T10:00,35.2225268292222,59.0842052370584,33.6641612948165,0.232010379632334,73882.9696,0,1,0
2024-06-11T11:00,36.6034537357487,54.742238330337,34.0766537833621,0.228995868966325,82119.4352,0,1,0
2024-06-11T12:00,37.4504474455491,52.2631172656242,34.5216626415943,0.225943697453217,82013.624,0,1,0
2024-06-11T13:00,37.7167118557019,51.1760982824504,34.9454339467551,0.2231377824223,75554.0016,0,1,0
2024-06-11T14:00,37.748911431123,49.8493508290466,35.3195813647658,0.22068630458779,67651.7248,0,1,0
2024-06-11T15:00,36.9933851369343,50.1931191897969,35.629705758942,0.218606545677693,57338.3536,0,1,0
2024-06-11T16:00,35.1090751331426,54.9952525484351,35.8098467031869,0.217154516975218,32997.624,0,1,0
2024-06-11T17:00,33.8442620117045,59.1343917710617,35.8528498397112,0.216307010499471,21505.4224,0,1,0
2024-06-11T18:00,32.8622179012949,62.6552126418061,35.8147313001104,0.215822459712142,7919.472,1,1,0
2024-06-11T19:00,31.791334006507,67.5560537183633,35.7060788418853,0.223950009643797,0,0,0,0
2024-06-11T20:00,31.0362199115709,72.1952769284626,35.5610572689553,0.223882058775688,0,0,0,0
2024-06-11T21:00,30.6074904722084,74.8247488750664,35.4070679169798,0.223824467880048,0,0,0,0
2024-06-11T22:00,30.2967377620383,77.5054876433916,35.2495808658667,0.223773290386018,0,0,0,0
2024-06-11T23:00,29.9983214179882,80.3409361343777,35.0897431156138,0.223728935509634,0,0,0,0
2024-06-12T00:00,29.7599219521944,82.4893660746842,34.9282312229158,0.223690581480115,0,0,0,0
2024-06-12T01:00,29.4969658113902,84.3021337932277,34.7659161455741,0.223656679235511,0,0,0,0
2024-06-12T02:00,29.203986881822,86.2212786218303,34.6018001804342,0.223627089745004,0,0,0,0
2024-06-12T03:00,29.0862823346399,86.8325736575167,34.4372286671053,0.223600651249838,0,0,0,0
2024-06-12T04:00,28.9529818638488,87.4908229791337,34.2751504929969,0.223575265547781,0,0,0,0
2024-06-12T05:00,28.8200693721213,87.6934497731765,34.1142436670242,0.223551156492796,0,0,0,0
2024-06-12T06:00,28.7679577077895,87.8299707317834,33.9612206242725,0.223491539323334,2446.1888,1,0,0
2024-06-12T07:00,29.8902341600145,82.1547576453897,33.8645113397327,0.231440939732154,17739.8496,0,0,0
2024-06-12T08:00,32.1787115600875,73.0201862252394,33.8988876486013,0.230393561333277,38471.8752,0,0,0
2024-06-12T09:00,34.4459238207644,61.4209556994049,34.0901683939794,0.228577436745289,58289.4224,0,1,0
2024-06-12T10:00,36.1775590279389,56.6794507038326,34.4123945658682,0.226144389685785,73002.7936,0,1,0
2024-06-12T11:00,37.4508009696703,53.2570946395335,34.8234349749564,0.223338019239854,83404.0768,0,1,0
2024-06-12T12:00,38.4435837882213,49.4452600146812,35.2863262277145,0.22037310686397,87575.4352,0,1,0
2024-06-12T13:00,38.7703057645687,48.0672292882268,35.7476533318844,0.217539675440761,82981.096,0,1,0
2024-06-12T14:00,37.845852935503,49.6095156109007,36.1252437634508,0.215200931173125,63111.6112,0,1,0
2024-06-12T15:00,37.0336735624658,51.2210773585441,36.4015557262991,0.213340484847328,55842.8816,0,1,0
2024-06-12T16:00,35.3131689063557,57.0147413801588,36.5792762387208,0.211916731081213,38278.064,0,1,0
2024-06-12T17:00,34.1123499156581,60.0966357953522,36.6322627607572,0.210993723019295,24163.4976,0,1,0
2024-06-12T18:00,33.0601546871475,62.3997164665209,36.5888481155563,0.210488375360198,8394.6544,1,1,0
2024-06-12T19:00,31.982072796084,67.5739921351464,36.4637803543822,0.218622422186572,0,0,0,0
2024-06-12T20:00,31.360184211478,71.4183331058148,36.3031667996943,0.218557814428675,0,0,0,0
2024-06-12T21:00,30.9424524747824,74.3758307674784,36.136251317012,0.2185017428176,0,0,0,0
2024-06-12T22:00,30.6050481876385,77.3664908190983,35.9654995043982,0.218452911677769,0,0,0,0
2024-06-12T23:00,30.3046920034489,80.2706425787304,35.7925428696033,0.218410827062804,0,0,0,0
2024-06-13T00:00,30.0085358926254,83.167525711411,35.6177692485309,0.218375133473939,0,0,0,0
2024-06-13T01:00,29.5917826853206,85.8024481297287,35.4402237033181,0.218345418025368,0,0,0,0
2024-06-13T02:00,29.461989924976,86.0035024245158,35.2603614935732,0.218319403297399,0,0,0,0
2024-06-13T03:00,29.3544836079947,85.5929116182051,35.0841108927218,0.218292747126136,0,0,0,0
2024-06-13T04:00,28.9236104142664,88.4760918252635,34.9070303474505,0.218268460741126,0,0,0,0
2024-06-13T05:00,28.4694090655749,90.7935463151867,34.7241267147296,0.218250059129996,0,0,0,0
2024-06-13T06:00,28.4253375389162,91.9394695993058,34.5458267887862,0.218200352480329,2499.0064,1,0,0
2024-06-13T07:00,30.2335762749573,82.314691843953,34.4341250490473,0.226162244281892,18619.8496,0,0,0
2024-06-13T08:00,32.7760282605824,71.5204175741472,34.4693541156071,0.225148577719708,38630.592,0,0,0
2024-06-13T09:00,34.9639921568107,58.5597263498165,34.6571264957758,0.223442470599885,57567.7872,0,1,0
2024-06-13T10:00,36.7193507029175,54.010045942041,34.9703585035988,0.221187702144876,71858.8816,0,1,0
2024-06-13T11:00,38.017018048335,51.0950393954101,35.3714356055775,0.21859523066161,81573.8,0,1,0
2024-06-13T12:00,39.0970391481518,48.0825179377141,35.8177299442907,0.215898980716105,84653.36,0,1,0
2024-06-13T13:00,39.6003534177369,46.8430327547503,36.2671892073196,0.213312526795818,81485.272,0,1,0
2024-06-13T14:00,39.3538900178784,46.3302988266352,36.6731346571594,0.211008035546922,72157.36,0,1,0
2024-06-13T15:00,38.4348474762579,47.7951401470845,36.9852748513906,0.209159271383142,55120.8064,0,1,0
2024-06-13T16:00,36.8379485718498,49.5490441129787,37.1549087986225,0.207926269542582,32416.8064,0,1,0
2024-06-13T17:00,34.4819012771372,57.2865070987329,37.1752111071814,0.207256610194911,15785.7744,0,1,0
2024-06-13T18:00,32.9389904869988,61.6526663902414,37.087473948886,0.206925982550561,6124.3776,1,1,0
2024-06-13T19:00,32.0200504204772,66.7907636202125,36.9420556543285,0.215100631740947,0,0,0,0
2024-06-13T20:00,31.3952567711071,70.2389842147019,36.7692831071923,0.215037026169749,0,0,0,0
2024-06-13T21:00,31.0098508402824,73.401955856365,36.5902512106803,0.21498160890337,0,0,0,0
2024-06-13T22:00,30.7044554444575,76.3323075406117,36.4088302808183,0.214933117380403,0,0,0,0
2024-06-13T23:00,30.4072570008514,78.4043343389719,36.225776538718,0.214890301793814,0,0,0,0
2024-06-14T00:00,29.9917224447527,82.62839005701,36.0401778354725,0.214853797320924,0,0,0,0
2024-06-14T01:00,29.4460883041627,86.4352329884686,35.8489102355644,0.214825904985434,0,0,0,0
2024-06-14T02:00,29.097433170945,87.3685314646417,35.6522407668111,0.214803280063357,0,0,0,0
2024-06-14T03:00,28.822584924911,88.1518601074419,35.4547835758209,0.214782070858056,0,0,0,0
2024-06-14T04:00,28.5861816713628,89.2350359529365,35.2568969977495,0.214762865525917,0,0,0,0
2024-06-14T05:00,28.6221255117314,88.1961457143295,35.0618299266251,0.214744120695136,0,0,0,0
2024-06-14T06:00,28.7985269666718,88.1217549786908,34.8808515204095,0.214690871822142,2499.0064,1,0,0
2024-06-14T07:00,30.4028913923216,80.8262026364175,34.7674558723267,0.222657437747467,18936.6672,0,0,0
2024-06-14T08:00,33.0287751204122,71.9918717492505,34.8006160846544,0.221666123701633,39457.8624,0,0,0
2024-06-14T09:00,35.4084040802302,56.8889394886906,34.9921694946544,0.220002116465754,58131.1456,0,1,0
2024-06-14T10:00,37.3735301794233,51.9404703231807,35.3152964338325,0.217801057604476,73548.5168,0,1,0
2024-06-14T11:00,38.5144713690962,47.1616957544467,35.7169963805302,0.215339262918506,78564.1648,0,1,0
2024-06-14T12:00,39.1933844918242,45.7334571041321,36.1599677224987,0.21276196551339,87099.9888,0,1,0
2024-06-14T13:00,39.2562097849543,46.0410792862094,36.6011059317208,0.210273469112421,79408.8064,0,1,0
2024-06-14T14:00,38.2711143238084,48.9917066309263,36.9553712119974,0.208227993825399,65644.304,0,1,0
2024-06-14T15:00,37.0161768825296,51.4993812903519,37.193983033252,0.206666328793204,50720.5424,0,1,0
2024-06-14T16:00,36.3935176879227,53.3497167652349,37.3458016484479,0.20544592492297,40601.2464,0,1,0
2024-06-14T17:00,35.6243420285122,55.0998371617366,37.4247394106063,0.204528915514633,27349.1328,0,1,0
2024-06-14T18:00,34.2361767536964,58.8791070834137,37.3982615490135,0.204020182768395,8359.472,1,1,0
2024-06-14T19:00,32.8102289511802,65.9709235457021,37.2728429237293,0.212163377808123,0,0,1,0
2024-06-14T20:00,31.8294422165339,72.3958637925593,37.1041590694602,0.212101877401409,0,0,0,0
2024-06-14T21:00,31.2077257579738,77.6976807049839,36.9226508788572,0.21205428438315,0,0,0,0
2024-06-14T22:00,30.8225024267972,81.1277268171104,36.7351672996919,0.212016246630737,0,0,0,0
2024-06-14T23:00,30.5167757519691,83.2424816702928,36.5455215560979,0.211983885389401,0,0,0,0
2024-06-15T00:00,30.2190818181188,85.1786217163724,36.3544647812661,0.211955614258464,0,0,0,0
2024-06-15T01:00,29.9812288393518,86.4059785200298,36.1626188562764,0.211930686452538,0,0,0,0
2024-06-15T02:00,29.6584166349591,87.1259043222905,35.9703042691986,0.211907710621012,0,0,0,0
2024-06-15T03:00,29.3877242839958,87.4362364637515,35.7761734053087,0.211886158592237,0,0,0,0
2024-06-15T04:00,29.2405716684561,88.448433845321,35.5828912181657,0.211865823433276,0,0,0,0
2024-06-15T05:00,29.075631485202,89.3226335831312,35.3918327631801,0.211847281376411,0,0,0,0
2024-06-15T06:00,29.1143590023781,89.1436047516953,35.2094660849892,0.211799445669948,2481.3712,1,0,0
2024-06-15T07:00,30.0942476289186,85.3086869609849,35.0803335473286,0.21983551356196,17299.2336,0,0,0
2024-06-15T08:00,32.0510445951923,79.7873999544031,35.0658334790784,0.219045524586889,35655.1712,0,0,0
2024-06-15T09:00,34.2586739607574,65.1950784912316,35.1970956270236,0.217638442508088,57196.568,0,1,0
2024-06-15T10:00,36.4027003906399,57.0049097400611,35.4710333268574,0.215649946192714,72474.0896,0,1,0
2024-06-15T11:00,37.7776651407763,51.9517345836455,35.8377633485215,0.21335135408182,76944.9824,0,1,0
2024-06-15T12:00,38.775184617417,49.0758401929566,36.2505481330648,0.210943448273127,85972.392,0,1,0
2024-06-15T13:00,39.2225007047071,46.9220088254383,36.6698882397528,0.208609332544681,78845.008,0,1,0
2024-06-15T14:00,39.198721710554,45.9492898405163,37.0692659375521,0.206421681668853,78265.1584,0,1,0
2024-06-15T15:00,37.3766933338113,50.8377335121558,37.3998404210232,0.204521407824599,63146.1776,0,1,0
2024-06-15T16:00,35.0201143919534,59.4208858555421,37.5632355785098,0.203221328169751,37644.8688,0,1,0
2024-06-15T17:00,33.5489548901076,63.5915007758709,37.564821332321,0.202505249983167,18267.5856,0,1,0
2024-06-15T18:00,32.3998394085779,66.166857226996,37.4604431241696,0.202175642471378,6353.1072,1,1,0
2024-06-15T19:00,31.3102835183242,69.3839860190867,37.2911799231309,0.21036981901795,0,0,1,0
2024-06-15T20:00,30.5006272326251,71.0424782030486,37.0908112798629,0.210316636865204,0,0,0,0
2024-06-15T21:00,30.0382156445234,71.6419250948128,36.8816982908612,0.210267232388432,0,0,0,0
2024-06-15T22:00,29.6641832922131,74.1397091541309,36.669826538122,0.210221185336884,0,0,0,0
2024-06-15T23:00,29.3297902368399,76.2793020167933,36.4557360926122,0.210180266199957,0,0,0,0
2024-06-16T00:00,29.1479773703628,77.6128067983843,36.2416889729123,0.210142847654882,0,0,0,0
2024-06-16T01:00,28.9789357694932,79.3690093229417,36.0301354139471,0.210108096416289,0,0,0,0
2024-06-16T02:00,28.9026757653141,79.8410494627859,35.8213391737783,0.210075666294125,0,0,0,0
2024-06-16T03:00,28.7732914768212,79.6595373868946,35.6166332443099,0.210043447379374,0,0,0,0
2024-06-16T04:00,28.5808536247108,81.3271118129711,35.4137967467375,0.210012599061985,0,0,0,0
2024-06-16T05:00,28.4403160591636,81.6321679379211,35.2127320857856,0.209983919325727,0,0,0,0
2024-06-16T06:00,28.5064057715715,82.0236170787018,35.0211480370287,0.209929039347976,2270.1888,1,0,0
2024-06-16T07:00,29.6052571951033,77.2372392393852,34.8833327370597,0.217968682919127,16173.2208,0,0,0
2024-06-16T08:00,31.1045824733803,73.8275960053731,34.8353698226177,0.217333846438046,27294.9952,0,0,0
2024-06-16T09:00,32.9275453997076,64.7999782980714,34.8950852649809,0.216269242682482,47111.5744,0,1,0
2024-06-16T10:00,35.5693601503444,56.2367411713404,35.1304284510571,0.214449757676221,73302.152,0,1,0
2024-06-16T11:00,37.3586072493552,50.0505350062235,35.5093320367896,0.212105969364828,80587.9888,0,1,0
2024-06-16T12:00,38.2762827529487,47.8259633043715,35.9298043397123,0.209700849651817,83667.8128,0,1,0
2024-06-16T13:00,37.7763021982392,47.8832937193582,36.3073847060533,0.207577721633538,67721.8256,0,1,0
2024-06-16T14:00,37.3529388336378,47.9402030713731,36.6090134140538,0.205789193107141,67298.5808,0,1,0
2024-06-16T15:00,37.0503124094786,48.4872060473324,36.8720755724712,0.204174256931023,60522.5808,0,1,0
2024-06-16T16:00,35.6780402541973,52.1987460083636,37.0400664751509,0.202949988619347,40282.9328,0,1,0
2024-06-16T17:00,33.6777327949637,57.7426027905029,37.0609419718908,0.202252143219098,19199.3472,0,1,0
2024-06-16T18:00,32.263927038234,62.3099274149785,36.9655240305387,0.201931750593336,6546.5664,1,1,0
2024-06-16T19:00,31.3330738137075,65.9813831029515,36.808253114358,0.210121220845445,0,0,0,0
2024-06-16T20:00,30.7059973954081,70.0250140509471,36.6238703476778,0.210063581590834,0,0,0,0
2024-06-16T21:00,30.2593003287165,74.0476138613813,36.432977358961,0.210014797282782,0,0,0,0
2024-06-16T22:00,29.9190842251083,76.3503597944501,36.238672247502,0.209972678248586,0,0,0,0
2024-06-16T23:00,29.6187169451007,78.327946959056,36.0427932609973,0.209934754520352,0,0,0,0
2024-06-17T00:00,29.3206873457275,80.2441830438063,35.84572492886,0.209900698156178,0,0,0,0
2024-06-17T01:00,29.0239361230118,82.1960966240239,35.6475093525178,0.209870358281925,0,0,0,0
2024-06-17T02:00,28.8469215361589,86.0394898175919,35.4492453763246,0.20984494879639,0,0,0,0
2024-06-17T03:00,28.7391083241253,87.4799083606314,35.2536099226463,0.209824290674292,0,0,0,0
2024-06-17T04:00,28.6374338230685,87.6377317549791,35.0611210218755,0.209804856043916,0,0,0,0
2024-06-17T05:00,28.535423434274,87.6140433062446,34.8717305586895,0.209785566375019,0,0,0,0
2024-06-17T06:00,28.6076452089392,87.252232668665,34.6920917112004,0.209738191395685,2323.0064,1,0,0
2024-06-17T07:00,29.6784863090134,83.38610356329,34.5690276644905,0.217767188727319,17018.2144,0,0,0
2024-06-17T08:00,31.7790718396023,75.8185407756792,34.568697356443,0.216950393527578,36078.328,0,0,0
2024-06-17T09:00,34.2170782900643,61.7431320401634,34.7250586292786,0.215490429404517,57743.6992,0,1,0
2024-06-17T10:00,36.0524869337767,54.2791123857874,35.0062633929561,0.213573971822094,66860.1648,0,1,0
2024-06-17T11:00,37.2503535859211,50.3896958488878,35.3557809367045,0.211453185492929,74392.9824,0,1,0
2024-06-17T12:00,37.8236299382112,48.822096834459,35.74300402722,0.209244120008449,77455.1712,0,1,0
2024-06-17T13:00,37.475984671051,48.7288920062222,36.1007498449211,0.207221932551184,70325.4112,0,1,0
2024-06-17T14:00,37.3797506256233,48.8326825138477,36.3983749085781,0.205481469570805,65274.2288,0,1,0
2024-06-17T15:00,35.0627027911518,58.7937151223992,36.6045531646162,0.20411421159922,47251.6,0,1,0
2024-06-17T16:00,33.5105985412569,60.9229251728033,36.6523496612287,0.203278964148895,25429.36,0,1,0
2024-06-17T17:00,32.8185481752617,63.3912006701127,36.6100874167592,0.202784945804747,16172.8688,0,1,0
2024-06-17T18:00,32.1683525103906,64.9458278085103,36.5144796578071,0.202487540851683,6828.1136,1,1,0
2024-06-17T19:00,31.4746701056833,68.0905374947571,36.3714058282834,0.210677421348198,0,0,0,0
2024-06-17T20:00,31.0132621457788,70.6120140300241,36.2040814719291,0.210621164374849,0,0,0,0
2024-06-17T21:00,30.7006946852336,72.6207532303164,36.0333956938927,0.210570103138763,0,0,0,0
2024-06-17T22:00,30.3412314826547,75.2247544015501,35.8601831191361,0.210523959073323,0,0,0,0
2024-06-17T23:00,30.0088059489611,77.3728716584905,35.6837943714178,0.210483079909617,0,0,0,0
2024-06-18T00:00,29.7079705984629,79.3157657593227,35.5053904654764,0.210446341385623,0,0,0,0
2024-06-18T01:00,29.4113918664081,80.4316145041454,35.3253063013996,0.210412864246998,0,0,0,0
2024-06-18T02:00,29.0544926775928,82.1026282744636,35.143111596977,0.210382135457963,0,0,0,0
2024-06-18T03:00,28.8415930183559,83.5376230052643,34.9590547932914,0.21035466350973,0,0,0,0
2024-06-18T04:00,28.7292314295148,83.7204554175596,34.7769031795691,0.210328700608543,0,0,0,0
2024-06-18T05:00,28.6279226385101,84.6011702336297,34.5974846517916,0.210303583989402,0,0,0,0
2024-06-18T06:00,28.5783066982168,84.8658170924865,34.4262696001345,0.210252788527372,2235.0064,1,0,0
2024-06-18T07:00,29.7235162697801,80.3488347860883,34.3123030395603,0.218261899693093,17898.2144,0,0,0
2024-06-18T08:00,31.9292725338277,70.0591581712062,34.3301138869432,0.217379230266036,37838.592,0,1,0
2024-06-18T09:00,34.0170332475069,60.7436507200912,34.4942148246853,0.215900540434536,55508.6048,0,1,0
2024-06-18T10:00,35.7477363596864,55.5817015707925,34.7797138087781,0.213948870103086,70063.6112,0,1,0
2024-06-18T11:00,37.1808056333827,51.6886561237286,35.1559421359871,0.211682602879735,80042.5296,0,1,0
2024-06-18T12:00,37.6584751202029,49.6977571522534,35.5460107390826,0.209473413901,71488.8064,0,1,0
2024-06-18T13:00,38.0000977490805,49.53963722509,35.9127479926741,0.207437094382746,75500.48,0,1,0
2024-06-18T14:00,37.7688016510354,49.1172197878767,36.2575014804944,0.205543672895358,65293.888,0,1,0
2024-06-18T15:00,36.6571104065308,52.4390148338549,36.5146211171454,0.204022427066176,50298.2656,0,1,0
2024-06-18T16:00,35.3662239477125,55.7555216531389,36.6649292437646,0.202894921992445,38665.1584,0,1,0
2024-06-18T17:00,34.2180988612911,59.4967059448147,36.7178385948694,0.202110752040263,23019.6736,0,1,0
2024-06-18T18:00,33.1415685749113,62.4061476018575,36.6716880531721,0.201686202623035,8641.0192,1,1,0
2024-06-18T19:00,32.0315600904204,68.2242457073429,36.5466323869162,0.209843480941786,0,0,1,0
2024-06-18T20:00,31.3691228419229,72.2398599253486,36.3842142692389,0.20978855320542,0,0,0,0
2024-06-18T21:00,31.001601677679,74.4234175861538,36.2156339458946,0.209740461503387,0,0,0,0
2024-06-18T22:00,30.6984557657193,74.7542468429368,36.0444943882598,0.209695525645959,0,0,0,0
2024-06-18T23:00,30.4028863762054,76.4747087734799,35.8714874023775,0.209652884817787,0,0,0,0
2024-06-19T00:00,30.1658616317779,78.5095293166636,35.6972198959498,0.209614317203128,0,0,0,0
2024-06-19T01:00,29.9042509763892,81.1842174011212,35.5225315845216,0.209580163503617,0,0,0,0
2024-06-19T02:00,29.5510360228777,83.1077239753003,35.3458865224654,0.209550598293235,0,0,0,0
2024-06-19T03:00,29.3380474245029,83.7024818334983,35.1672535775571,0.209523747465073,0,0,0,0
2024-06-19T04:00,29.2252708092141,84.5881729420011,34.9903655000384,0.20949807626054,0,0,0,0
2024-06-19T05:00,29.1230134079863,84.7213787108604,34.8160518100677,0.209473528854101,0,0,0,0
2024-06-19T06:00,29.1829356350023,84.22119823744,34.6497784459106,0.209427329687314,2023.736,1,0,0
2024-06-19T07:00,29.8288246161335,82.0208010481653,34.5286882534297,0.217503031478607,15855.8752,0,0,0
2024-06-19T08:00,31.4807674297888,72.9811488027448,34.505780408932,0.216814760602577,32715.7248,0,0,0
2024-06-19T09:00,33.3470771475473,62.4573159582201,34.5986739480692,0.215669911597982,48817.8768,0,1,0
2024-06-19T10:00,35.2147679846986,55.8257981770249,34.808915718377,0.214064918208643,66399.8896,0,1,0
2024-06-19T11:00,36.7227451083084,52.1027754559061,35.1194376410358,0.212099576336797,77521.664,0,1,0
2024-06-19T12:00,37.8926204831597,49.3028598812723,35.4954161533275,0.209937096674379,84544.7328,0,1,0
2024-06-19T13:00,37.5544358647733,48.6741643609517,35.8444179696759,0.207988668467163,64604.4432,0,1,0
2024-06-19T14:00,37.4199783958213,49.2244099566035,36.1228857615845,0.20636173866016,67753.4,0,1,0
2024-06-19T15:00,36.584733648639,49.9080205601415,36.3395301208346,0.205016807303751,45825.7888,0,1,0
2024-06-19T16:00,33.6546794591045,62.6909472374569,36.404063780768,0.20423669500502,21082.0016,0,1,0
2024-06-19T17:00,31.8503003443389,69.1903633525673,36.3292174477791,0.203868819298869,11244.8688,0,1,0
2024-06-19T18:00,31.0476563810744,69.9036173040858,36.2000387527973,0.203663420921886,5050.5664,1,1,0
2024-06-19T19:00,30.3701885644194,72.2182958646445,36.0362411085468,0.211887846301143,0,0,0,0
2024-06-19T20:00,29.9848784255761,74.5180348856822,35.8544197399844,0.21184086453546,0,0,0,0
2024-06-19T21:00,29.7660616511029,77.3764632732507,35.6715791426096,0.211799041304806,0,0,0,0
2024-06-19T22:00,29.6271307059682,80.4203526989722,35.4897631902837,0.211762835442206,0,0,0,0
2024-06-19T23:00,29.4634236260896,82.4049714754127,35.3099483505064,0.211731282357066,0,0,0,0
2024-06-20T00:00,29.3275480712777,83.6135821070966,35.1315242909033,0.211702727911465,0,0,0,0
2024-06-20T01:00,29.1659167701823,85.3551416468015,34.9550275847822,0.211676700607239,0,0,0,0
2024-06-20T02:00,29.0894093686924,85.0867638985771,34.780387994637,0.211652501798385,0,0,0,0
2024-06-20T03:00,29.0188686768504,85.6211911742248,34.6093798207885,0.211628123659555,0,0,0,0
2024-06-20T04:00,28.921216111012,86.5831290283019,34.4411520955947,0.211605286753651,0,0,0,0
2024-06-20T05:00,28.8211011868145,87.559681349648,34.2754001061876,0.211584177795595,0,0,0,0
2024-06-20T06:00,28.749544342875,88.6193154490571,34.1151401860169,0.211549153939703,1478.1888,1,0,0
2024-06-20T07:00,29.0021699201496,87.1403644696115,33.9794452375259,0.219725732235881,9590.68,0,0,0
2024-06-20T08:00,29.9670807839302,83.2715934941745,33.9091971798087,0.219261005661986,24971.4608,0,0,0
2024-06-20T09:00,30.9100188621445,77.2300097087217,33.9149460561512,0.218474095861269,34157.4112,0,1,0
2024-06-20T10:00,31.1518432504415,76.0935941162842,33.9381151539486,0.217664826646905,27962.6688,0,1,0
2024-06-20T11:00,32.5769824157983,71.891831400224,34.037218938194,0.216486160841097,62596.4064,0,1,0
2024-06-20T12:00,33.566114662892,66.5452870502861,34.2389770678646,0.21488651458735,60906.8592,0,1,0
2024-06-20T13:00,33.9876702265234,64.6738042190176,34.4501617393809,0.213305552980007,60978.368,0,1,0
2024-06-20T14:00,31.4605472097102,73.3016230198864,34.5627809452881,0.212190640363,25692.832,0,1,0
2024-06-20T15:00,29.4825351248112,81.9829337103415,34.5176999871199,0.211634720131624,19516.2528,0,0,0
2024-06-20T16:00,28.7102565665961,87.8631900655901,34.4210912467843,0.211239214464703,13602.8816,0,0,0
2024-06-20T17:00,27.5981329477468,94.3983958126929,34.2785324458315,0.211019673571895,5789.5728,0,0,0
2024-06-20T18:00,26.9952947968258,97.8591229125344,34.096110646283,0.210927872534374,2463.648,1,0,0
2024-06-20T19:00,26.7898083204914,97.2935609075549,33.9004471719838,0.219228194774196,0,0,0,0
2024-06-20T20:00,26.6553594450593,96.455347702848,33.7017106622606,0.219223143804855,0,0,0,0
2024-06-20T21:00,26.6103757616435,96.484520960963,33.5064838724013,0.21921740295586,0,0,0,0
2024-06-20T22:00,26.602217208327,96.5116535479457,33.3162611350946,0.219211780386616,0,0,0,0
2024-06-20T23:00,26.5987103029197,96.5324739763943,33.1312217028653,0.219206192195034,0,0,0,0
2024-06-21T00:00,27.3703229386936,89.6422430167577,32.9579810296161,0.219195896551708,0,0,0,0
2024-06-21T01:00,27.8755736525267,84.6681536389141,32.8073870983554,0.219173183462239,0,0,0,0
2024-06-21T02:00,28.0126744458624,84.1401257670501,32.6666823630383,0.219145790406731,0,0,0,0
2024-06-21T03:00,27.7528781795085,84.170193279339,32.5292834364999,0.219118114664233,0,0,0,0
2024-06-21T04:00,27.4621210150419,84.5531963405358,32.3882761868468,0.219091620574778,0,0,0,0
2024-06-21T05:00,27.4342891434588,84.1426652086942,32.2475378198986,0.219065414068331,0,0,0,0
2024-06-21T06:00,27.4809656148224,85.030065492652,32.1136134885263,0.219026060787823,1108.6416,1,0,0
2024-06-21T07:00,27.8004346201805,87.3122809673931,32.0019708504329,0.227213464157058,7848.4912,0,0,0
2024-06-21T08:00,28.7417269135206,87.6200839355228,31.9428672564639,0.226822628921586,19040.7184,0,0,0
2024-06-21T09:00,30.1068219972326,80.2200954014387,31.9781676750568,0.225975590073113,39049.9648,0,1,0
2024-06-21T10:00,31.988138725743,70.4566753419296,32.1361316594788,0.224519700180265,58391.0096,0,1,0
2024-06-21T11:00,33.6625800078754,65.933210701066,32.4162080618807,0.222516346067796,72576.9088,0,1,0
2024-06-21T12:00,34.673614014184,63.9400157971048,32.7726203106138,0.220210561647395,77487.5376,0,1,0
2024-06-21T13:00,34.3523069744536,62.1519039647169,33.090811942131,0.218198158301624,57353.6128,0,1,0
2024-06-21T14:00,31.2844033344624,73.2817575645453,33.2334539006157,0.217044251428149,25182.1152,0,1,0
2024-06-21T15:00,30.0521814054682,79.3034552220014,33.2471292227898,0.216327846523511,31077.8512,0,1,0
2024-06-21T16:00,30.3539782693155,77.3036873341042,33.2743754814922,0.21551547111139,32010.8448,0,1,0
2024-06-21T17:00,30.0196113404699,78.3042402495747,33.2874592500972,0.214800235404071,21839.6112,0,1,0
2024-06-21T18:00,29.376567580118,80.4116590784647,33.2336733169776,0.214408896831391,6264.9312,1,0,0
2024-06-21T19:00,28.8505421716636,81.3957084201048,33.1197539707388,0.222618942871342,0,0,0,0
2024-06-21T20:00,28.6162488143197,82.7882694211225,32.9872336615206,0.222584815599168,0,0,0,0
2024-06-21T21:00,28.5023539664348,84.6173480830009,32.8550131661436,0.222553953506794,0,0,0,0
2024-06-21T22:00,28.1638288929788,88.5967767067212,32.7220665881634,0.22252861975218,0,0,0,0
2024-06-21T23:00,28.1033185061364,88.3274163688212,32.5868068409438,0.222508131329367,0,0,0,0
2024-06-22T00:00,28.0928313879526,87.8522130835198,32.4558683320673,0.222486038291578,0,0,0,0
2024-06-22T01:00,28.239242086508,86.6026791471705,32.3291887002869,0.222462759939427,0,0,0,0
2024-06-22T02:00,27.804444250103,89.9798417742655,32.2051090530945,0.222440397995869,0,0,0,0
2024-06-22T03:00,27.3822515298737,92.2270767432601,32.072314804844,0.222425032360586,0,0,0,0
2024-06-22T04:00,27.278981510795,92.7267328620967,31.937856682321,0.222411994825332,0,0,0,0
2024-06-22T05:00,27.0279381533108,92.2372337585108,31.8041439437699,0.222398858999485,0,0,0,0
2024-06-22T06:00,27.106850663329,92.5033290098443,31.674869936625,0.222358230569854,2041.3712,1,0,0
2024-06-22T07:00,28.4621075551655,90.7942003429246,31.5981469703423,0.230396711234325,15363.4976,0,0,0
2024-06-22T08:00,30.3832045015556,87.2119693470422,31.6402922771746,0.22954135459866,34546.7056,0,0,0
2024-06-22T09:00,31.8855267667492,72.961215513947,31.7994079980413,0.228108253892169,47341.36,0,1,0
2024-06-22T10:00,32.3707980071034,69.2470347850804,31.999599354538,0.226527344238552,47761.8768,0,1,0
2024-06-22T11:00,32.8989468706002,66.6294699341127,32.2253450949554,0.224817866689887,59940.8832,0,1,0
2024-06-22T12:00,33.4579630664359,63.9775452620884,32.5019046392322,0.222851251432072,67472.1168,0,1,0
2024-06-22T13:00,33.0211918576731,63.5587794949786,32.7454498390473,0.221110890890913,48131.952,0,1,0
2024-06-22T14:00,32.0467731474679,66.0154684923493,32.9010516663122,0.21981523927279,38188.568,0,1,0
2024-06-22T15:00,31.7413380005031,67.1971462757302,33.0204972629266,0.218647354060266,42605.4112,0,1,0
2024-06-22T16:00,31.1753096254111,69.0259194055879,33.1162122365552,0.217585412610772,30762.5296,0,1,0
2024-06-22T17:00,29.9332242219556,74.6659524224887,33.119996422498,0.216960365490673,11333.1328,0,0,0
2024-06-22T18:00,28.9709024294107,77.9764120012966,33.0311425332501,0.216748990787983,2270.1008,1,0,0
2024-06-22T19:00,28.4367882323721,80.2803963267612,32.9047865181599,0.225011280495569,0,0,0,0
2024-06-22T20:00,28.213480645749,81.7031279379985,32.7692076396913,0.224974859748112,0,0,0,0
2024-06-22T21:00,26.9649506499459,92.1397534785101,32.6242177281731,0.224949124747652,0,0,0,0
2024-06-22T22:00,26.3324869419226,96.2907566079046,32.4566576997784,0.224940474712782,0,0,0,0
2024-06-22T23:00,26.2945795691444,96.5596488098818,32.2890518586671,0.224934460668136,0,0,0,0
2024-06-23T00:00,26.2290062947746,96.4524801475061,32.1252388591059,0.224928489224689,0,0,0,0
2024-06-23T01:00,26.1327067575055,96.4604559703698,31.9640617027833,0.224922467129668,0,0,0,0
2024-06-23T02:00,26.8587966273403,91.6252907594644,31.8123257839281,0.224913132168538,0,0,0,0
2024-06-23T03:00,27.3649469591841,89.4052267096231,31.6822376291831,0.224895233807136,0,0,0,0
2024-06-23T04:00,27.446744853136,89.0339230857094,31.561058443722,0.224875521277143,0,0,0,0
2024-06-23T05:00,27.3945656850586,89.6852824471291,31.4434431546587,0.224855974592917,0,0,0,0
2024-06-23T06:00,27.3312994638118,90.9470523773509,31.3306699160552,0.224817668713168,1531.0064,1,0,0
2024-06-23T07:00,28.1751631765065,92.1538200709795,31.2591964414498,0.232876915772786,14096.4032,0,0,0
2024-06-23T08:00,29.0647427711839,87.4584409586491,31.2561569905279,0.232274229858584,22068.0768,0,0,0
2024-06-23T09:00,29.6149015356911,88.9243320844081,31.3055854767759,0.231400224162971,31975.9264,0,0,0
2024-06-23T10:00,30.2079663690651,83.9188543391079,31.4133033726404,0.23019258109123,43186.3168,0,1,0
2024-06-23T11:00,30.24522873857,82.2854906705674,31.5304411790345,0.22896274428861,34281.1216,0,1,0
2024-06-23T12:00,30.2134520329938,77.937150834656,31.6078496270559,0.227988166698461,30232.7696,0,1,0
2024-06-23T13:00,30.3624750287212,78.5939433649948,31.6931466898197,0.226963180183409,39999.8016,0,1,0
2024-06-23T14:00,30.4191100519098,75.0466733026771,31.7975098136637,0.225821196238867,37360.6816,0,1,0
2024-06-23T15:00,29.735951844691,78.2925390341294,31.8664998616572,0.224872413181721,26590.3792,0,0,0
2024-06-23T16:00,28.9278397344648,86.0786805338299,31.87617176442,0.224208751950939,19445.624,0,0,0
2024-06-23T17:00,28.4004169438427,88.3345831706921,31.8373706510867,0.223782264476995,10329.9504,0,0,0
2024-06-23T18:00,28.0659966616756,87.9080723597259,31.7616820716518,0.223548848257855,5033.1072,1,0,0
2024-06-23T19:00,27.7838477871082,88.9698151616725,31.66056491849,0.231777020846595,123.1824,0,0,0
2024-06-23T20:00,27.5501833128564,86.5602703395806,31.5456127041785,0.231751158115718,0,0,0,0
2024-06-23T21:00,27.5209201907836,85.3150154589155,31.430331292133,0.231722749380281,0,0,0,0
2024-06-23T22:00,26.7083102201924,93.4331122586633,31.3115353771982,0.231700359665202,0,0,0,0
2024-06-23T23:00,26.942408170558,90.2987034072602,31.183738368014,0.23168712192352,0,0,0,0
2024-06-24T00:00,27.3067290063894,88.230306788755,31.0713089120723,0.231665158581997,0,0,0,0
2024-06-24T01:00,27.2248254743353,88.6699676075297,30.9641559682432,0.23164217086412,0,0,0,0
2024-06-24T02:00,27.0983143052159,88.8744687566487,30.8571156510704,0.231620285149358,0,0,0,0
2024-06-24T03:00,27.0546669161102,89.0022389781829,30.7511062948227,0.231598759302091,0,0,0,0
2024-06-24T04:00,27.0483988937925,89.0020175587456,30.6476434451195,0.231577376549518,0,0,0,0
2024-06-24T05:00,26.986868750679,88.8888093957963,30.5464717401063,0.23155589228256,0,0,0,0
2024-06-24T06:00,27.037920651693,89.5122744535354,30.4503608102482,0.231514150701572,1443.0064,1,0,0
2024-06-24T07:00,27.5592086721199,92.6134807344667,30.3909674477703,0.239578809752196,13568.0512,0,0,0
2024-06-24T08:00,28.4238702840171,90.6159843401853,30.3922379150282,0.23896874532176,22366.9072,0,0,0
2024-06-24T09:00,29.266794639433,89.4248791358464,30.4429582017901,0.238120881339069,29124.216,0,0,0
2024-06-24T10:00,29.8019250106801,86.7153248778904,30.524369657279,0.237147809403859,30972.04,0,0,0
2024-06-24T11:00,31.312676167236,78.315135798234,30.6904896846201,0.235652093462695,60730.5072,0,1,0
2024-06-24T12:00,33.1556416684371,71.0185483576011,31.0050138952412,0.233311795136439,75428.2672,0,1,0
2024-06-24T13:00,34.0892189192793,66.5898279488007,31.3808019265259,0.230737621791706,70412.7072,0,1,0
2024-06-24T14:00,33.3950404512389,66.0531232788215,31.6663213413414,0.228820845125671,42077.4992,0,1,0
2024-06-24T15:00,32.6407151743333,71.6237137448317,31.8745082672902,0.22730314497387,51369.8768,0,1,0
2024-06-24T16:00,31.8021620041224,74.509959328245,32.0459504281106,0.225929300788873,34598.4672,0,1,0
2024-06-24T17:00,30.1677980685453,81.4567415788747,32.0982902047318,0.225181624285612,12600.2272,0,1,0
2024-06-24T18:00,29.0699889640316,88.5609684562348,32.0499956786152,0.224900213839689,5349.7488,1,0,0
2024-06-24T19:00,28.7716882580472,85.5117903093428,31.961666868503,0.233125632089971,0,0,0,0
2024-06-24T20:00,28.623906327369,84.2822665286472,31.8613737597969,0.233091556362731,0,0,0,0
2024-06-24T21:00,28.1350007959009,87.4734989495272,31.757351025555,0.233060592586255,0,0,0,0
2024-06-24T22:00,27.5255748107616,90.6124801490459,31.643111776239,0.233038056154262,0,0,0,0
2024-06-24T23:00,27.1121008849273,92.2602654019925,31.5202736811208,0.233021096351861,0,0,0,0
2024-06-25T00:00,26.9800552259442,93.5959086824505,31.39475476287,0.233007168046757,0,0,0,0
2024-06-25T01:00,26.9057045976187,93.7443530249304,31.2710291432579,0.232994820261198,0,0,0,0
2024-06-25T02:00,26.451739340443,96.1692982699422,31.1456721782889,0.232984523492918,0,0,0,0
2024-06-25T03:00,26.083594214147,96.4312333774139,31.0130561546026,0.232978034833661,0,0,0,0
2024-06-25T04:00,25.8660970903546,96.3379070285124,30.8782123450723,0.232971262609111,0,0,0,0
2024-06-25T05:00,25.7828080553279,95.7540260474644,30.7435351533138,0.232964121080747,0,0,0,0
2024-06-25T06:00,25.7920016447694,96.7780961910816,30.6139207609301,0.232942985039352,950.2768,1,0,0
2024-06-25T07:00,27.0217302046358,93.9436842104677,30.5240277020319,0.241047257112977,12001.8624,0,0,0
2024-06-25T08:00,28.2438865651573,92.9532614055373,30.519325676332,0.240401275286623,24320.8064,0,0,0
2024-06-25T09:00,29.3056883682659,90.2255678699191,30.5888379281898,0.239348319391749,34264.1024,0,0,0
2024-06-25T10:00,29.9588612098267,83.4382043952191,30.703741609839,0.238082293519075,38873.7008,0,0,0
2024-06-25T11:00,30.9427162455133,75.5478523888779,30.8842571599878,0.236399705665475,61469.9536,0,1,0
2024-06-25T12:00,31.8458533590928,68.8859237920226,31.1430703876743,0.234275468426424,63846.7456,0,1,0
2024-06-25T13:00,33.3096758679129,66.3838067045739,31.4963676884579,0.231617022516393,83297.4736,0,1,0
2024-06-25T14:00,32.1312311589984,67.9822697341357,31.7950298122663,0.229432734397082,39595.688,0,1,0
2024-06-25T15:00,31.1321142145667,71.0766372424707,31.9152097887473,0.228269356353485,29583.9632,0,1,0
2024-06-25T16:00,31.2438291112604,72.6142419326528,32.0291133812218,0.227099370597915,36676.3408,0,1,0
2024-06-25T17:00,30.7234296456504,73.2679630240486,32.1135066891845,0.226116470359051,20291.2336,0,1,0
2024-06-25T18:00,29.8793354721402,77.2309649646422,32.1084157656539,0.225624624843737,7637.9248,1,0,0
2024-06-25T19:00,29.322302788925,75.615815433417,32.0414928115254,0.233768511622093,123.1824,0,0,0
2024-06-25T20:00,29.0856007832987,76.896676644261,31.9497893003203,0.233712394630614,0,0,0,0
2024-06-25T21:00,28.4370123087825,84.6351783603414,31.8523094349534,0.233668926079515,0,0,0,0
2024-06-25T22:00,27.9073810014723,88.1565954635023,31.7422176579266,0.233640843418032,0,0,0,0
2024-06-25T23:00,27.5285316960647,90.9143307766227,31.6260359639406,0.233619065462244,0,0,0,0
2024-06-26T00:00,27.2564071219201,92.3734344074206,31.5054896630243,0.233602300900389,0,0,0,0
2024-06-26T01:00,27.17028242854,93.6433442622153,31.3842827502461,0.233588296697296,0,0,0,0
2024-06-26T02:00,27.1595167003935,92.1900559315515,31.2656789385294,0.233574396379662,0,0,0,0
2024-06-26T03:00,27.1554313107347,90.2254046494488,31.1502456398229,0.233556781256873,0,0,0,0
2024-06-26T04:00,27.0927091879485,89.7970391293389,31.0374350194545,0.23353657756356,0,0,0,0
2024-06-26T05:00,27.5314604455644,86.694899658694,30.9305001414558,0.233513525045159,0,0,0,0
2024-06-26T06:00,27.8996297957633,85.7693120248028,30.8415138455314,0.23345601843772,1795.0064,1,0,0
2024-06-26T07:00,28.2803890412862,86.8363809470089,30.7853988967995,0.241535821038701,10523.8496,0,0,0
2024-06-26T08:00,29.3349733032203,87.8246469618192,30.8073252693323,0.240783294965939,27542.328,0,0,0
2024-06-26T09:00,30.5177070071543,77.1300588691501,30.9328338457654,0.239401983011684,44031.8384,0,1,0
2024-06-26T10:00,31.3531492558066,75.2071863644451,31.1338537258763,0.237576392253272,52110.1152,0,1,0
2024-06-26T11:00,31.9969071878097,74.8679036446511,31.3950530833836,0.235401156180387,64728.3296,0,1,0
2024-06-26T12:00,33.0000490268383,74.2515651205157,31.7357447031091,0.232759408668162,80779.072,0,1,0
2024-06-26T13:00,32.8969610081725,72.9702194362771,32.0901415635145,0.230124406775634,70746.28,0,1,0
2024-06-26T14:00,32.452973761306,70.2876658049677,32.3703821597138,0.227951838524669,61242.72,0,1,0
2024-06-26T15:00,31.778983116944,69.4928535197164,32.5666649914381,0.226277912531826,42658.6688,0,1,0
2024-06-26T16:00,30.5069243884976,78.2943996464889,32.6699660083229,0.225096036621821,31448.5424,0,1,0
2024-06-26T17:00,29.3127567089069,82.9802145642923,32.6932709211485,0.224270451459907,21329.2464,0,0,0
2024-06-26T18:00,28.0149847593394,88.0200546712696,32.6323087060606,0.223840656638457,6212.2016,1,0,0
2024-06-26T19:00,26.9185651089039,95.1670421452086,32.4985224858184,0.232056373095596,123.1824,0,0,0
2024-06-26T20:00,26.6544393366565,92.7942021871675,32.338925723269,0.232044449314422,0,0,0,0
2024-06-26T21:00,26.7358938767835,89.5308923877435,32.1832167936217,0.232027143683483,0,0,0,0
2024-06-26T22:00,26.8879958442421,88.3352237258647,32.0343414711909,0.232005662356162,0,0,0,0
2024-06-26T23:00,26.9594747314579,88.0341103192958,31.8925497366512,0.231982584197776,0,0,0,0
2024-06-27T00:00,26.5478575612694,89.5316597104878,31.7517100824524,0.231960574756687,0,0,0,0
2024-06-27T01:00,26.8970064214119,87.7429799785631,31.6105887977153,0.231939938772498,0,0,0,0
2024-06-27T02:00,27.1589636099413,87.0081256589425,31.4840622019502,0.231914581707463,0,0,0,0
2024-06-27T03:00,27.0985074550694,87.8447178601978,31.36204441636,0.231889845103193,0,0,0,0
2024-06-27T04:00,27.0615953378976,87.3922317457658,31.242066250974,0.231865894499287,0,0,0,0
2024-06-27T05:00,25.6777298250566,91.3572177368251,31.1131746626886,0.231844424782159,0,0,0,0
2024-06-27T06:00,25.1030542354866,96.8582760434275,30.9631318053946,0.231803746427216,1900.6416,1,0,0
2024-06-27T07:00,26.8275073143773,97.7646923244066,30.8678808687704,0.239792767999216,15944.6672,0,0,0
2024-06-27T08:00,28.998133535715,99.9894052671238,30.9119503810394,0.238748342201247,37380.8688,0,0,0
2024-06-27T09:00,30.6873126299795,79.811300711962,31.0893326856112,0.236977744483111,52586.5296,0,1,0
2024-06-27T10:00,31.9569188704703,73.8641671835113,31.3752937517163,0.234588458998266,69710.9072,0,1,0
2024-06-27T11:00,33.0748620469692,69.6581387723098,31.7503698833793,0.231725244181384,81554.8448,0,1,0
2024-06-27T12:00,33.5142380690517,66.5078363560433,32.1443265189245,0.228869338169927,75359.6624,0,1,0
2024-06-27T13:00,33.6226281965172,64.633408389384,32.5155775252054,0.226218052805988,77066.0528,0,1,0
2024-06-27T14:00,33.0001499419776,65.8757830710685,32.8490035728814,0.22380882073364,65293.184,0,1,0
2024-06-27T15:00,32.2036374554474,69.6191738291967,33.0916641686027,0.221894339388813,49119.4352,0,1,0
2024-06-27T16:00,31.6515668634506,72.6866875225261,33.2515713132314,0.220423529658156,41164.3408,0,1,0
2024-06-27T17:00,30.7669177656604,71.6287377024417,33.3307136474386,0.219369152844618,24339.5856,0,1,0
2024-06-27T18:00,29.4764171133696,77.5978014915651,33.2967779162467,0.218867632513161,6159.472,1,0,0
2024-06-27T19:00,28.5022536092574,80.771452533582,33.1783344211661,0.227062476393435,123.1824,0,0,0
2024-06-27T20:00,28.1389426639324,81.8404811582407,33.0347131267518,0.227024249041364,0,0,0,0
2024-06-27T21:00,27.9521273533236,82.7210633170937,32.8897959558896,0.226989697891767,0,0,0,0
2024-06-27T22:00,27.5214224172368,86.4644400884838,32.7425784424819,0.226959769372988,0,0,0,0
2024-06-27T23:00,27.3028133239572,87.3133192019418,32.5908054843321,0.226935879857027,0,0,0,0
2024-06-28T00:00,27.100140417421,88.3090060882725,32.4397604925131,0.226912997625682,0,0,0,0
2024-06-28T01:00,26.6952573177276,89.9334319727581,32.2861144086443,0.226893168110684,0,0,0,0
2024-06-28T02:00,26.4471490858018,89.954081011732,32.1285750035314,0.226875594268798,0,0,0,0
2024-06-28T03:00,26.2717042058308,89.1015758525011,31.97136088026,0.226857172197224,0,0,0,0
2024-06-28T04:00,26.2503989153519,89.0135680824218,31.8158147559191,0.226837979157508,0,0,0,0
2024-06-28T05:00,26.3336489864209,89.1382249194415,31.6656915139073,0.226818834726281,0,0,0,0
2024-06-28T06:00,26.3495297707166,91.0102508953052,31.5249162799198,0.226775012589563,1724.6416,1,0,0
2024-06-28T07:00,27.5196289047019,93.4960601569782,31.4328114952827,0.234801510841025,14783.032,0,0,0
2024-06-28T08:00,28.7414524742453,89.914617798131,31.4355723158123,0.234031105744589,28017.2464,0,0,0
2024-06-28T09:00,29.9215166551834,87.5134077592197,31.5421011925747,0.232672033535628,47534.9072,0,0,0
2024-06-28T10:00,31.0235794586698,80.9579206190327,31.7464227229568,0.230777564195652,56229.8,0,1,0
2024-06-28T11:00,32.0256332221888,76.4084337861197,32.0215853275283,0.228538166925922,69181.9392,0,1,0
2024-06-28T12:00,32.0530955873772,72.0348004326676,32.2887695861204,0.226439916435788,57581.8144,0,1,0
2024-06-28T13:00,31.7683969662888,71.234416167942,32.4932455922966,0.2247277063717,53956.2672,0,1,0
2024-06-28T14:00,32.9493211403643,64.9832135300848,32.7511606252237,0.222706630970929,70415.4352,0,1,0
2024-06-28T15:00,32.8794595105714,64.0081535833679,33.0407838059242,0.220603143745806,55771.7248,0,1,0
2024-06-28T16:00,32.1601064127724,67.1060525567972,33.2302861401112,0.21905135055717,41779.9888,0,1,0
2024-06-28T17:00,31.2848865832813,70.1623193967412,33.3324123369605,0.217938996943096,28651.5856,0,1,0
2024-06-28T18:00,30.1092178332547,74.7104379281473,33.3243207260391,0.217363459829381,6617.1072,1,1,0
2024-06-28T19:00,29.2498492903926,78.0003708579429,33.2220663146489,0.225543986391686,123.1824,0,0,0
2024-06-28T20:00,28.7399324363402,81.1069587454655,33.0928366405125,0.225501157976415,0,0,0,0
2024-06-28T21:00,28.4546221790813,82.6322165229454,32.9582062561748,0.22546569481405,0,0,0,0
2024-06-28T22:00,28.2476708715366,83.6164186471385,32.8221680283354,0.225432970159283,0,0,0,0
2024-06-28T23:00,27.9884437044329,84.4554195586473,32.6848972898516,0.225402387248744,0,0,0,0
2024-06-29T00:00,27.7550234854105,85.5189074686184,32.5456780750385,0.225374100243048,0,0,0,0
2024-06-29T01:00,27.5540144500889,86.5330938433195,32.4056160451317,0.225348092673111,0,0,0,0
2024-06-29T02:00,27.5928794969765,85.6264530176799,32.2670813283258,0.225322668891367,0,0,0,0
2024-06-29T03:00,27.5928178265434,84.9583862508234,32.1338309669704,0.225295193994817,0,0,0,0
2024-06-29T04:00,27.502432775405,84.8910902950666,32.002930593983,0.225267312414752,0,0,0,0
2024-06-29T05:00,27.4034289952804,85.7314092256994,31.8735304709247,0.225240240626321,0,0,0,0
2024-06-29T06:00,27.4062569950597,86.4753782840099,31.7506943831857,0.225186095370194,1971.0064,1,0,0
2024-06-29T07:00,28.1612549881454,88.3821536035254,31.6760442619557,0.233180787602388,15962.2144,0,0,0
2024-06-29T08:00,29.2477013519455,83.4479857767427,31.6841532167954,0.232406500017132,27629.8,0,0,0
2024-06-29T09:00,30.71915965222,74.8284274115574,31.7886896800102,0.231118924704289,44490.3536,0,1,0
2024-06-29T10:00,32.2816370200058,69.1949101471509,32.0125113221374,0.229206426267649,64763.424,0,1,0
2024-06-29T11:00,34.0203572552763,62.7109873353129,32.371734907796,0.22658950692481,82665.2464,0,1,0
2024-06-29T12:00,34.7100937669217,59.2262151265175,32.7970919945148,0.223731384626309,76857.1584,0,1,0
2024-06-29T13:00,35.3452595452555,57.0080651631424,33.2326598572603,0.220901762714722,86713.2464,0,1,0
2024-06-29T14:00,35.4232676498245,55.1306497961782,33.6692139983448,0.218155593449918,77614.064,0,1,0
2024-06-29T15:00,34.8117784090201,55.9267551131198,34.0250257290441,0.215879522710494,64360.9824,0,1,0
2024-06-29T16:00,33.6387607000318,58.867869583162,34.2647311869463,0.214183371242796,44913.5984,0,1,0
2024-06-29T17:00,32.3708300423173,64.6784148906197,34.3772483118649,0.213066057097364,28686.504,0,1,0
2024-06-29T18:00,30.9090842030661,71.0243085527351,34.3660495443047,0.212492104340528,9133.8368,1,1,0
2024-06-29T19:00,29.6992619507236,76.222997078398,34.2550180248339,0.220634366684884,123.1824,0,0,0
2024-06-29T20:00,29.0606220124164,79.1289604540908,34.1050277564645,0.22059022977039,0,0,0,0
2024-06-29T21:00,28.7033703608957,81.2974679423218,33.9486297588529,0.220553266782203,0,0,0,0
2024-06-29T22:00,28.4619046972319,83.3991552775594,33.7899909346775,0.220520850804383,0,0,0,0
2024-06-29T23:00,28.1989410671562,84.3511322040306,33.6304624083594,0.220491698146218,0,0,0,0
2024-06-30T00:00,27.9655291180593,86.3071745125063,33.4695677044013,0.220465466022746,0,0,0,0
2024-06-30T01:00,27.7643702203748,86.5655492157784,33.3084413660874,0.220441722011155,0,0,0,0
2024-06-30T02:00,27.6251148309198,86.7012579148328,33.1478774843257,0.220418447136496,0,0,0,0
2024-06-30T03:00,27.5209409411192,86.7541600144368,32.9892113319066,0.220395481648913,0,0,0,0
2024-06-30T04:00,27.4197205859987,86.7436655924053,32.8326958968039,0.220372699522721,0,0,0,0
2024-06-30T05:00,27.3182269202779,86.7188842892726,32.6782836223055,0.220350023702726,0,0,0,0
2024-06-30T06:00,27.322936384784,87.1784475073793,32.5313570981838,0.220299415887572,2023.824,1,0,0
2024-06-30T07:00,28.2516285390462,88.2924682402454,32.4398328315069,0.228277742939538,17634.3024,0,0,0
2024-06-30T08:00,30.1468772500671,82.03241124545,32.4748682836712,0.227284775782532,38278.68,0,1,0
2024-06-30T09:00,32.2213545186557,70.5316613564054,32.6581749508264,0.225566878569853,57392.0512,0,1,0
2024-06-30T10:00,34.0375484554846,63.659195676217,32.9679343907056,0.223282132989624,72034.8816,0,1,0
2024-06-30T11:00,35.3284718974482,59.3871255042159,33.3642274121053,0.220662115256874,81116.1648,0,1,0
2024-06-30T12:00,36.0418765965281,56.9703848871806,33.802255234984,0.217935083747518,86764.392,0,1,0
2024-06-30T13:00,35.6326787088628,55.9473076395556,34.20739730429,0.215454477979638,74532.392,0,1,0
2024-06-30T14:00,34.8459695966174,59.2208558991443,34.546287818574,0.213294792946234,72050.8448,0,1,0
2024-06-30T15:00,33.7181953220001,64.3098899117241,34.788318152329,0.211588223666902,48555.3728,0,1,0
2024-06-30T16:00,32.7994373368897,67.0617550799542,34.9005808489931,0.210472284965432,32892.1648,0,1,0
2024-06-30T17:00,32.1705982305526,68.3404622865354,34.9335387973039,0.209701845716686,22931.4976,0,1,0
2024-06-30T18:00,31.2671128397541,72.9548516785103,34.8949859424755,0.209237441255081,9345.0192,1,1,0
2024-06-30T19:00,30.3355925496036,76.7398017191138,34.7813365577041,0.217386400740699,123.1824,0,0,0
2024-06-30T20:00,29.7604558675913,80.0616655859729,34.6318808285024,0.21734381633363,0,0,0,0
2024-06-30T21:00,29.3447273794234,82.170313712227,34.4759167819267,0.217308874049965,0,0,0,0
2024-06-30T22:00,29.0666229950351,84.3527736436478,34.3163348861225,0.21727849019166,0,0,0,0
2024-06-30T23:00,28.8007732706417,86.205303501008,34.1555668889536,0.217252128696404,0,0,0,0
